"","REF_DATE","City","Province","VALUE","covid"
"1",2017-10-01,"Canada","Canada",112.4,"Pre-COVID"
"2",2017-11-01,"Canada","Canada",120.8,"Pre-COVID"
"3",2017-12-01,"Canada","Canada",116.9,"Pre-COVID"
"4",2018-01-01,"Canada","Canada",120.6,"Pre-COVID"
"5",2018-02-01,"Canada","Canada",119.7,"Pre-COVID"
"6",2018-03-01,"Canada","Canada",123.1,"Pre-COVID"
"7",2018-04-01,"Canada","Canada",131.6,"Pre-COVID"
"8",2018-05-01,"Canada","Canada",135.9,"Pre-COVID"
"9",2018-06-01,"Canada","Canada",132.9,"Pre-COVID"
"10",2018-07-01,"Canada","Canada",133.9,"Pre-COVID"
"11",2018-08-01,"Canada","Canada",131.8,"Pre-COVID"
"12",2018-09-01,"Canada","Canada",130.4,"Pre-COVID"
"13",2018-10-01,"Canada","Canada",125.9,"Pre-COVID"
"14",2018-11-01,"Canada","Canada",113.8,"Pre-COVID"
"15",2018-12-01,"Canada","Canada",106.4,"Pre-COVID"
"16",2019-01-01,"Canada","Canada",103.1,"Pre-COVID"
"17",2019-02-01,"Canada","Canada",105.1,"Pre-COVID"
"18",2019-03-01,"Canada","Canada",117.7,"Pre-COVID"
"19",2019-04-01,"Canada","Canada",129.5,"Pre-COVID"
"20",2019-05-01,"Canada","Canada",130.7,"Pre-COVID"
"21",2019-06-01,"Canada","Canada",119.9,"Pre-COVID"
"22",2019-07-01,"Canada","Canada",124.4,"Pre-COVID"
"23",2019-08-01,"Canada","Canada",117.9,"Pre-COVID"
"24",2019-09-01,"Canada","Canada",116.9,"Pre-COVID"
"25",2019-10-01,"Canada","Canada",117.2,"Pre-COVID"
"26",2019-11-01,"Canada","Canada",115,"Pre-COVID"
"27",2019-12-01,"Canada","Canada",114.5,"Pre-COVID"
"28",2020-01-01,"Canada","Canada",114.6,"Pre-COVID"
"29",2020-02-01,"Canada","Canada",112.2,"Pre-COVID"
"30",2020-03-01,"Canada","Canada",91.3,"COVID"
"31",2020-04-01,"Canada","Canada",77.8,"COVID"
"32",2020-05-01,"Canada","Canada",91.4,"COVID"
"33",2020-06-01,"Canada","Canada",101,"COVID"
"34",2020-07-01,"Canada","Canada",105.5,"COVID"
"35",2020-08-01,"Canada","Canada",104.6,"COVID"
"36",2020-09-01,"Canada","Canada",104.1,"COVID"
"37",2020-10-01,"Canada","Canada",102.6,"COVID"
"38",2020-11-01,"Canada","Canada",101.1,"COVID"
"39",2020-12-01,"Canada","Canada",104.4,"COVID"
"40",2021-01-01,"Canada","Canada",111,"COVID"
"41",2021-02-01,"Canada","Canada",118.2,"COVID"
"42",2021-03-01,"Canada","Canada",125,"COVID"
"43",2021-04-01,"Canada","Canada",127.5,"COVID"
"44",2021-05-01,"Canada","Canada",131.5,"COVID"
"45",2021-06-01,"Canada","Canada",133.7,"COVID"
"46",2021-07-01,"Canada","Canada",138.4,"COVID"
"47",2021-08-01,"Canada","Canada",139,"COVID"
"48",2021-09-01,"Canada","Canada",138.9,"COVID"
"49",2021-10-01,"Canada","Canada",146,"COVID"
"50",2021-11-01,"Canada","Canada",145.8,"COVID"
"51",2021-12-01,"Canada","Canada",140,"COVID"
"52",2022-01-01,"Canada","Canada",146.6,"COVID"
"53",2022-02-01,"Canada","Canada",156.8,"COVID"
"54",2022-03-01,"Canada","Canada",175.2,"COVID"
"55",2022-04-01,"Canada","Canada",173.8,"COVID"
"56",2022-05-01,"Canada","Canada",194.8,"COVID"
"57",2022-06-01,"Canada","Canada",207.2,"COVID"
"58",2022-07-01,"Canada","Canada",187.8,"COVID"
"59",2022-08-01,"Canada","Canada",169.6,"Post-COVID"
"60",2022-09-01,"Canada","Canada",156.4,"Post-COVID"
"61",2022-10-01,"Canada","Canada",171.5,"Post-COVID"
"62",2022-11-01,"Canada","Canada",165.3,"Post-COVID"
"63",2022-12-01,"Canada","Canada",143.6,"Post-COVID"
"64",2023-01-01,"Canada","Canada",150.3,"Post-COVID"
"65",2023-02-01,"Canada","Canada",148.5,"Post-COVID"
"66",2023-03-01,"Canada","Canada",150.3,"Post-COVID"
"67",2023-04-01,"Canada","Canada",160.1,"Post-COVID"
"68",2023-05-01,"Canada","Canada",158.8,"Post-COVID"
"69",2023-06-01,"Canada","Canada",161.6,"Post-COVID"
"70",2023-07-01,"Canada","Canada",163.1,"Post-COVID"
"71",2023-08-01,"Canada","Canada",170.6,"Post-COVID"
"72",2023-09-01,"Canada","Canada",168.3,"Post-COVID"
"73",2023-10-01,"Canada","Canada",157.4,"Post-COVID"
"74",2023-11-01,"Canada","Canada",152.2,"Post-COVID"
"75",2023-12-01,"Canada","Canada",145.4,"Post-COVID"
"76",2024-01-01,"Canada","Canada",144.1,"Post-COVID"
"77",2024-02-01,"Canada","Canada",149.9,"Post-COVID"
"78",2024-03-01,"Canada","Canada",157.3,"Post-COVID"
"79",2024-04-01,"Canada","Canada",169.8,"Post-COVID"
"80",2024-05-01,"Canada","Canada",167.6,"Post-COVID"
"81",2024-06-01,"Canada","Canada",162.4,"Post-COVID"
"82",2024-07-01,"Canada","Canada",166.5,"Post-COVID"
"83",2024-08-01,"Canada","Canada",162.1,"Post-COVID"
"84",2024-09-01,"Canada","Canada",150.3,"Post-COVID"
"85",2024-10-01,"Canada","Canada",151.6,"Post-COVID"
"86",2024-11-01,"Canada","Canada",151.4,"Post-COVID"
"87",2024-12-01,"Canada","Canada",150.5,"Post-COVID"
"88",2017-10-01,"St. John's","NL",120,"Pre-COVID"
"89",2017-11-01,"St. John's","NL",126.8,"Pre-COVID"
"90",2017-12-01,"St. John's","NL",118,"Pre-COVID"
"91",2018-01-01,"St. John's","NL",120.3,"Pre-COVID"
"92",2018-02-01,"St. John's","NL",121.8,"Pre-COVID"
"93",2018-03-01,"St. John's","NL",122.1,"Pre-COVID"
"94",2018-04-01,"St. John's","NL",131,"Pre-COVID"
"95",2018-05-01,"St. John's","NL",137.1,"Pre-COVID"
"96",2018-06-01,"St. John's","NL",134.3,"Pre-COVID"
"97",2018-07-01,"St. John's","NL",134.9,"Pre-COVID"
"98",2018-08-01,"St. John's","NL",132.5,"Pre-COVID"
"99",2018-09-01,"St. John's","NL",131.2,"Pre-COVID"
"100",2018-10-01,"St. John's","NL",131.2,"Pre-COVID"
"101",2018-11-01,"St. John's","NL",118.6,"Pre-COVID"
"102",2018-12-01,"St. John's","NL",109.7,"Pre-COVID"
"103",2019-01-01,"St. John's","NL",107.3,"Pre-COVID"
"104",2019-02-01,"St. John's","NL",113.1,"Pre-COVID"
"105",2019-03-01,"St. John's","NL",122.8,"Pre-COVID"
"106",2019-04-01,"St. John's","NL",131.6,"Pre-COVID"
"107",2019-05-01,"St. John's","NL",131.1,"Pre-COVID"
"108",2019-06-01,"St. John's","NL",120.2,"Pre-COVID"
"109",2019-07-01,"St. John's","NL",128.3,"Pre-COVID"
"110",2019-08-01,"St. John's","NL",123.4,"Pre-COVID"
"111",2019-09-01,"St. John's","NL",121.4,"Pre-COVID"
"112",2019-10-01,"St. John's","NL",121.2,"Pre-COVID"
"113",2019-11-01,"St. John's","NL",122,"Pre-COVID"
"114",2019-12-01,"St. John's","NL",121.9,"Pre-COVID"
"115",2020-01-01,"St. John's","NL",123.6,"Pre-COVID"
"116",2020-02-01,"St. John's","NL",120.2,"Pre-COVID"
"117",2020-03-01,"St. John's","NL",101.4,"COVID"
"118",2020-04-01,"St. John's","NL",81.3,"COVID"
"119",2020-05-01,"St. John's","NL",91.5,"COVID"
"120",2020-06-01,"St. John's","NL",102.9,"COVID"
"121",2020-07-01,"St. John's","NL",107.2,"COVID"
"122",2020-08-01,"St. John's","NL",106.7,"COVID"
"123",2020-09-01,"St. John's","NL",106.6,"COVID"
"124",2020-10-01,"St. John's","NL",110.3,"COVID"
"125",2020-11-01,"St. John's","NL",112,"COVID"
"126",2020-12-01,"St. John's","NL",117,"COVID"
"127",2021-01-01,"St. John's","NL",124.8,"COVID"
"128",2021-02-01,"St. John's","NL",130.8,"COVID"
"129",2021-03-01,"St. John's","NL",141.6,"COVID"
"130",2021-04-01,"St. John's","NL",141.2,"COVID"
"131",2021-05-01,"St. John's","NL",143.5,"COVID"
"132",2021-06-01,"St. John's","NL",145,"COVID"
"133",2021-07-01,"St. John's","NL",153.4,"COVID"
"134",2021-08-01,"St. John's","NL",151.9,"COVID"
"135",2021-09-01,"St. John's","NL",153.8,"COVID"
"136",2021-10-01,"St. John's","NL",160.2,"COVID"
"137",2021-11-01,"St. John's","NL",159.1,"COVID"
"138",2021-12-01,"St. John's","NL",151.7,"COVID"
"139",2022-01-01,"St. John's","NL",159.2,"COVID"
"140",2022-02-01,"St. John's","NL",170.9,"COVID"
"141",2022-03-01,"St. John's","NL",187.8,"COVID"
"142",2022-04-01,"St. John's","NL",189.9,"COVID"
"143",2022-05-01,"St. John's","NL",215.5,"COVID"
"144",2022-06-01,"St. John's","NL",219.7,"COVID"
"145",2022-07-01,"St. John's","NL",200.4,"COVID"
"146",2022-08-01,"St. John's","NL",184.3,"Post-COVID"
"147",2022-09-01,"St. John's","NL",166.8,"Post-COVID"
"148",2022-10-01,"St. John's","NL",180.1,"Post-COVID"
"149",2022-11-01,"St. John's","NL",181.2,"Post-COVID"
"150",2022-12-01,"St. John's","NL",157.8,"Post-COVID"
"151",2023-01-01,"St. John's","NL",165.5,"Post-COVID"
"152",2023-02-01,"St. John's","NL",166.1,"Post-COVID"
"153",2023-03-01,"St. John's","NL",165.1,"Post-COVID"
"154",2023-04-01,"St. John's","NL",174.3,"Post-COVID"
"155",2023-05-01,"St. John's","NL",165.5,"Post-COVID"
"156",2023-06-01,"St. John's","NL",168.4,"Post-COVID"
"157",2023-07-01,"St. John's","NL",174.8,"Post-COVID"
"158",2023-08-01,"St. John's","NL",188,"Post-COVID"
"159",2023-09-01,"St. John's","NL",190,"Post-COVID"
"160",2023-10-01,"St. John's","NL",173.9,"Post-COVID"
"161",2023-11-01,"St. John's","NL",168.3,"Post-COVID"
"162",2023-12-01,"St. John's","NL",163,"Post-COVID"
"163",2024-01-01,"St. John's","NL",161.2,"Post-COVID"
"164",2024-02-01,"St. John's","NL",168.4,"Post-COVID"
"165",2024-03-01,"St. John's","NL",173.5,"Post-COVID"
"166",2024-04-01,"St. John's","NL",188.4,"Post-COVID"
"167",2024-05-01,"St. John's","NL",185.1,"Post-COVID"
"168",2024-06-01,"St. John's","NL",177.2,"Post-COVID"
"169",2024-07-01,"St. John's","NL",180.8,"Post-COVID"
"170",2024-08-01,"St. John's","NL",175.6,"Post-COVID"
"171",2024-09-01,"St. John's","NL",163.1,"Post-COVID"
"172",2024-10-01,"St. John's","NL",164.8,"Post-COVID"
"173",2024-11-01,"St. John's","NL",165.8,"Post-COVID"
"174",2024-12-01,"St. John's","NL",164.7,"Post-COVID"
"175",2017-10-01,"Charlottetown and Summerside","PE",107.9,"Pre-COVID"
"176",2017-11-01,"Charlottetown and Summerside","PE",115.6,"Pre-COVID"
"177",2017-12-01,"Charlottetown and Summerside","PE",111.5,"Pre-COVID"
"178",2018-01-01,"Charlottetown and Summerside","PE",115.3,"Pre-COVID"
"179",2018-02-01,"Charlottetown and Summerside","PE",115.5,"Pre-COVID"
"180",2018-03-01,"Charlottetown and Summerside","PE",116.9,"Pre-COVID"
"181",2018-04-01,"Charlottetown and Summerside","PE",123.5,"Pre-COVID"
"182",2018-05-01,"Charlottetown and Summerside","PE",131.3,"Pre-COVID"
"183",2018-06-01,"Charlottetown and Summerside","PE",130,"Pre-COVID"
"184",2018-07-01,"Charlottetown and Summerside","PE",128.9,"Pre-COVID"
"185",2018-08-01,"Charlottetown and Summerside","PE",126.9,"Pre-COVID"
"186",2018-09-01,"Charlottetown and Summerside","PE",126.5,"Pre-COVID"
"187",2018-10-01,"Charlottetown and Summerside","PE",124.5,"Pre-COVID"
"188",2018-11-01,"Charlottetown and Summerside","PE",111.6,"Pre-COVID"
"189",2018-12-01,"Charlottetown and Summerside","PE",103.5,"Pre-COVID"
"190",2019-01-01,"Charlottetown and Summerside","PE",98,"Pre-COVID"
"191",2019-02-01,"Charlottetown and Summerside","PE",99.8,"Pre-COVID"
"192",2019-03-01,"Charlottetown and Summerside","PE",111.5,"Pre-COVID"
"193",2019-04-01,"Charlottetown and Summerside","PE",125.8,"Pre-COVID"
"194",2019-05-01,"Charlottetown and Summerside","PE",128.7,"Pre-COVID"
"195",2019-06-01,"Charlottetown and Summerside","PE",116.2,"Pre-COVID"
"196",2019-07-01,"Charlottetown and Summerside","PE",123.1,"Pre-COVID"
"197",2019-08-01,"Charlottetown and Summerside","PE",116.7,"Pre-COVID"
"198",2019-09-01,"Charlottetown and Summerside","PE",115.4,"Pre-COVID"
"199",2019-10-01,"Charlottetown and Summerside","PE",114.5,"Pre-COVID"
"200",2019-11-01,"Charlottetown and Summerside","PE",114.4,"Pre-COVID"
"201",2019-12-01,"Charlottetown and Summerside","PE",113.7,"Pre-COVID"
"202",2020-01-01,"Charlottetown and Summerside","PE",113.6,"Pre-COVID"
"203",2020-02-01,"Charlottetown and Summerside","PE",111,"Pre-COVID"
"204",2020-03-01,"Charlottetown and Summerside","PE",90.2,"COVID"
"205",2020-04-01,"Charlottetown and Summerside","PE",73.6,"COVID"
"206",2020-05-01,"Charlottetown and Summerside","PE",82.6,"COVID"
"207",2020-06-01,"Charlottetown and Summerside","PE",94.8,"COVID"
"208",2020-07-01,"Charlottetown and Summerside","PE",99.7,"COVID"
"209",2020-08-01,"Charlottetown and Summerside","PE",99.5,"COVID"
"210",2020-09-01,"Charlottetown and Summerside","PE",98.8,"COVID"
"211",2020-10-01,"Charlottetown and Summerside","PE",99.6,"COVID"
"212",2020-11-01,"Charlottetown and Summerside","PE",95.8,"COVID"
"213",2020-12-01,"Charlottetown and Summerside","PE",101.5,"COVID"
"214",2021-01-01,"Charlottetown and Summerside","PE",109.1,"COVID"
"215",2021-02-01,"Charlottetown and Summerside","PE",115.3,"COVID"
"216",2021-03-01,"Charlottetown and Summerside","PE",125.4,"COVID"
"217",2021-04-01,"Charlottetown and Summerside","PE",126.2,"COVID"
"218",2021-05-01,"Charlottetown and Summerside","PE",129.5,"COVID"
"219",2021-06-01,"Charlottetown and Summerside","PE",130.9,"COVID"
"220",2021-07-01,"Charlottetown and Summerside","PE",137.1,"COVID"
"221",2021-08-01,"Charlottetown and Summerside","PE",136.7,"COVID"
"222",2021-09-01,"Charlottetown and Summerside","PE",137.5,"COVID"
"223",2021-10-01,"Charlottetown and Summerside","PE",143.9,"COVID"
"224",2021-11-01,"Charlottetown and Summerside","PE",143.5,"COVID"
"225",2021-12-01,"Charlottetown and Summerside","PE",134.6,"COVID"
"226",2022-01-01,"Charlottetown and Summerside","PE",143.5,"COVID"
"227",2022-02-01,"Charlottetown and Summerside","PE",154.8,"COVID"
"228",2022-03-01,"Charlottetown and Summerside","PE",172.4,"COVID"
"229",2022-04-01,"Charlottetown and Summerside","PE",171,"COVID"
"230",2022-05-01,"Charlottetown and Summerside","PE",204.5,"COVID"
"231",2022-06-01,"Charlottetown and Summerside","PE",214.2,"COVID"
"232",2022-07-01,"Charlottetown and Summerside","PE",195.5,"COVID"
"233",2022-08-01,"Charlottetown and Summerside","PE",180,"Post-COVID"
"234",2022-09-01,"Charlottetown and Summerside","PE",163.7,"Post-COVID"
"235",2022-10-01,"Charlottetown and Summerside","PE",177.1,"Post-COVID"
"236",2022-11-01,"Charlottetown and Summerside","PE",177,"Post-COVID"
"237",2022-12-01,"Charlottetown and Summerside","PE",151.2,"Post-COVID"
"238",2023-01-01,"Charlottetown and Summerside","PE",161.8,"Post-COVID"
"239",2023-02-01,"Charlottetown and Summerside","PE",162.7,"Post-COVID"
"240",2023-03-01,"Charlottetown and Summerside","PE",160.7,"Post-COVID"
"241",2023-04-01,"Charlottetown and Summerside","PE",168.4,"Post-COVID"
"242",2023-05-01,"Charlottetown and Summerside","PE",161.2,"Post-COVID"
"243",2023-06-01,"Charlottetown and Summerside","PE",163.4,"Post-COVID"
"244",2023-07-01,"Charlottetown and Summerside","PE",173.7,"Post-COVID"
"245",2023-08-01,"Charlottetown and Summerside","PE",185.3,"Post-COVID"
"246",2023-09-01,"Charlottetown and Summerside","PE",184.8,"Post-COVID"
"247",2023-10-01,"Charlottetown and Summerside","PE",165.7,"Post-COVID"
"248",2023-11-01,"Charlottetown and Summerside","PE",161.3,"Post-COVID"
"249",2023-12-01,"Charlottetown and Summerside","PE",158,"Post-COVID"
"250",2024-01-01,"Charlottetown and Summerside","PE",156.6,"Post-COVID"
"251",2024-02-01,"Charlottetown and Summerside","PE",162.4,"Post-COVID"
"252",2024-03-01,"Charlottetown and Summerside","PE",164.9,"Post-COVID"
"253",2024-04-01,"Charlottetown and Summerside","PE",174.8,"Post-COVID"
"254",2024-05-01,"Charlottetown and Summerside","PE",178,"Post-COVID"
"255",2024-06-01,"Charlottetown and Summerside","PE",171.8,"Post-COVID"
"256",2024-07-01,"Charlottetown and Summerside","PE",176.8,"Post-COVID"
"257",2024-08-01,"Charlottetown and Summerside","PE",171.9,"Post-COVID"
"258",2024-09-01,"Charlottetown and Summerside","PE",159.2,"Post-COVID"
"259",2024-10-01,"Charlottetown and Summerside","PE",162.1,"Post-COVID"
"260",2024-11-01,"Charlottetown and Summerside","PE",163.6,"Post-COVID"
"261",2024-12-01,"Charlottetown and Summerside","PE",160.3,"Post-COVID"
"262",2017-10-01,"Halifax","NS",106.7,"Pre-COVID"
"263",2017-11-01,"Halifax","NS",115.9,"Pre-COVID"
"264",2017-12-01,"Halifax","NS",111.8,"Pre-COVID"
"265",2018-01-01,"Halifax","NS",115.2,"Pre-COVID"
"266",2018-02-01,"Halifax","NS",114.1,"Pre-COVID"
"267",2018-03-01,"Halifax","NS",114,"Pre-COVID"
"268",2018-04-01,"Halifax","NS",124.2,"Pre-COVID"
"269",2018-05-01,"Halifax","NS",130.4,"Pre-COVID"
"270",2018-06-01,"Halifax","NS",125.5,"Pre-COVID"
"271",2018-07-01,"Halifax","NS",126.2,"Pre-COVID"
"272",2018-08-01,"Halifax","NS",124,"Pre-COVID"
"273",2018-09-01,"Halifax","NS",123.5,"Pre-COVID"
"274",2018-10-01,"Halifax","NS",122.6,"Pre-COVID"
"275",2018-11-01,"Halifax","NS",108,"Pre-COVID"
"276",2018-12-01,"Halifax","NS",99.9,"Pre-COVID"
"277",2019-01-01,"Halifax","NS",99,"Pre-COVID"
"278",2019-02-01,"Halifax","NS",103.2,"Pre-COVID"
"279",2019-03-01,"Halifax","NS",116.6,"Pre-COVID"
"280",2019-04-01,"Halifax","NS",127.6,"Pre-COVID"
"281",2019-05-01,"Halifax","NS",125.8,"Pre-COVID"
"282",2019-06-01,"Halifax","NS",110.9,"Pre-COVID"
"283",2019-07-01,"Halifax","NS",119.9,"Pre-COVID"
"284",2019-08-01,"Halifax","NS",114.2,"Pre-COVID"
"285",2019-09-01,"Halifax","NS",112.5,"Pre-COVID"
"286",2019-10-01,"Halifax","NS",112.9,"Pre-COVID"
"287",2019-11-01,"Halifax","NS",113.7,"Pre-COVID"
"288",2019-12-01,"Halifax","NS",112.3,"Pre-COVID"
"289",2020-01-01,"Halifax","NS",112.4,"Pre-COVID"
"290",2020-02-01,"Halifax","NS",107.5,"Pre-COVID"
"291",2020-03-01,"Halifax","NS",85.4,"COVID"
"292",2020-04-01,"Halifax","NS",67.9,"COVID"
"293",2020-05-01,"Halifax","NS",78.2,"COVID"
"294",2020-06-01,"Halifax","NS",89.8,"COVID"
"295",2020-07-01,"Halifax","NS",96.1,"COVID"
"296",2020-08-01,"Halifax","NS",94.7,"COVID"
"297",2020-09-01,"Halifax","NS",94.2,"COVID"
"298",2020-10-01,"Halifax","NS",94.1,"COVID"
"299",2020-11-01,"Halifax","NS",91,"COVID"
"300",2020-12-01,"Halifax","NS",96.5,"COVID"
"301",2021-01-01,"Halifax","NS",107.5,"COVID"
"302",2021-02-01,"Halifax","NS",115.4,"COVID"
"303",2021-03-01,"Halifax","NS",125,"COVID"
"304",2021-04-01,"Halifax","NS",125.1,"COVID"
"305",2021-05-01,"Halifax","NS",127.6,"COVID"
"306",2021-06-01,"Halifax","NS",129.2,"COVID"
"307",2021-07-01,"Halifax","NS",135.4,"COVID"
"308",2021-08-01,"Halifax","NS",134.1,"COVID"
"309",2021-09-01,"Halifax","NS",135.1,"COVID"
"310",2021-10-01,"Halifax","NS",142.4,"COVID"
"311",2021-11-01,"Halifax","NS",140.8,"COVID"
"312",2021-12-01,"Halifax","NS",130.7,"COVID"
"313",2022-01-01,"Halifax","NS",141.4,"COVID"
"314",2022-02-01,"Halifax","NS",153.8,"COVID"
"315",2022-03-01,"Halifax","NS",171.1,"COVID"
"316",2022-04-01,"Halifax","NS",169.1,"COVID"
"317",2022-05-01,"Halifax","NS",195.8,"COVID"
"318",2022-06-01,"Halifax","NS",208.1,"COVID"
"319",2022-07-01,"Halifax","NS",187.1,"COVID"
"320",2022-08-01,"Halifax","NS",170.2,"Post-COVID"
"321",2022-09-01,"Halifax","NS",153.5,"Post-COVID"
"322",2022-10-01,"Halifax","NS",167.2,"Post-COVID"
"323",2022-11-01,"Halifax","NS",170.2,"Post-COVID"
"324",2022-12-01,"Halifax","NS",144,"Post-COVID"
"325",2023-01-01,"Halifax","NS",151.3,"Post-COVID"
"326",2023-02-01,"Halifax","NS",151.4,"Post-COVID"
"327",2023-03-01,"Halifax","NS",150.1,"Post-COVID"
"328",2023-04-01,"Halifax","NS",163.2,"Post-COVID"
"329",2023-05-01,"Halifax","NS",151.4,"Post-COVID"
"330",2023-06-01,"Halifax","NS",153.1,"Post-COVID"
"331",2023-07-01,"Halifax","NS",174.7,"Post-COVID"
"332",2023-08-01,"Halifax","NS",185,"Post-COVID"
"333",2023-09-01,"Halifax","NS",182.2,"Post-COVID"
"334",2023-10-01,"Halifax","NS",166.3,"Post-COVID"
"335",2023-11-01,"Halifax","NS",161.6,"Post-COVID"
"336",2023-12-01,"Halifax","NS",154.3,"Post-COVID"
"337",2024-01-01,"Halifax","NS",154.5,"Post-COVID"
"338",2024-02-01,"Halifax","NS",160.6,"Post-COVID"
"339",2024-03-01,"Halifax","NS",164.9,"Post-COVID"
"340",2024-04-01,"Halifax","NS",177.4,"Post-COVID"
"341",2024-05-01,"Halifax","NS",179.5,"Post-COVID"
"342",2024-06-01,"Halifax","NS",171.1,"Post-COVID"
"343",2024-07-01,"Halifax","NS",174.2,"Post-COVID"
"344",2024-08-01,"Halifax","NS",167.5,"Post-COVID"
"345",2024-09-01,"Halifax","NS",154.4,"Post-COVID"
"346",2024-10-01,"Halifax","NS",154.5,"Post-COVID"
"347",2024-11-01,"Halifax","NS",156.4,"Post-COVID"
"348",2024-12-01,"Halifax","NS",154.4,"Post-COVID"
"349",2017-10-01,"Saint John","NB",107.5,"Pre-COVID"
"350",2017-11-01,"Saint John","NB",115.5,"Pre-COVID"
"351",2017-12-01,"Saint John","NB",112.3,"Pre-COVID"
"352",2018-01-01,"Saint John","NB",114.1,"Pre-COVID"
"353",2018-02-01,"Saint John","NB",113.9,"Pre-COVID"
"354",2018-03-01,"Saint John","NB",113.9,"Pre-COVID"
"355",2018-04-01,"Saint John","NB",122.9,"Pre-COVID"
"356",2018-05-01,"Saint John","NB",128.9,"Pre-COVID"
"357",2018-06-01,"Saint John","NB",125.7,"Pre-COVID"
"358",2018-07-01,"Saint John","NB",126.9,"Pre-COVID"
"359",2018-08-01,"Saint John","NB",126.5,"Pre-COVID"
"360",2018-09-01,"Saint John","NB",127,"Pre-COVID"
"361",2018-10-01,"Saint John","NB",126.2,"Pre-COVID"
"362",2018-11-01,"Saint John","NB",113.4,"Pre-COVID"
"363",2018-12-01,"Saint John","NB",105.3,"Pre-COVID"
"364",2019-01-01,"Saint John","NB",102.1,"Pre-COVID"
"365",2019-02-01,"Saint John","NB",104.1,"Pre-COVID"
"366",2019-03-01,"Saint John","NB",114.6,"Pre-COVID"
"367",2019-04-01,"Saint John","NB",130,"Pre-COVID"
"368",2019-05-01,"Saint John","NB",130.3,"Pre-COVID"
"369",2019-06-01,"Saint John","NB",119.2,"Pre-COVID"
"370",2019-07-01,"Saint John","NB",124,"Pre-COVID"
"371",2019-08-01,"Saint John","NB",120,"Pre-COVID"
"372",2019-09-01,"Saint John","NB",117.8,"Pre-COVID"
"373",2019-10-01,"Saint John","NB",118.1,"Pre-COVID"
"374",2019-11-01,"Saint John","NB",118.9,"Pre-COVID"
"375",2019-12-01,"Saint John","NB",118.4,"Pre-COVID"
"376",2020-01-01,"Saint John","NB",117.8,"Pre-COVID"
"377",2020-02-01,"Saint John","NB",113.3,"Pre-COVID"
"378",2020-03-01,"Saint John","NB",95.4,"COVID"
"379",2020-04-01,"Saint John","NB",73.4,"COVID"
"380",2020-05-01,"Saint John","NB",82.8,"COVID"
"381",2020-06-01,"Saint John","NB",92.7,"COVID"
"382",2020-07-01,"Saint John","NB",98.2,"COVID"
"383",2020-08-01,"Saint John","NB",96.9,"COVID"
"384",2020-09-01,"Saint John","NB",97,"COVID"
"385",2020-10-01,"Saint John","NB",96.8,"COVID"
"386",2020-11-01,"Saint John","NB",94.3,"COVID"
"387",2020-12-01,"Saint John","NB",98.8,"COVID"
"388",2021-01-01,"Saint John","NB",106.1,"COVID"
"389",2021-02-01,"Saint John","NB",112.3,"COVID"
"390",2021-03-01,"Saint John","NB",123.1,"COVID"
"391",2021-04-01,"Saint John","NB",125.8,"COVID"
"392",2021-05-01,"Saint John","NB",128.7,"COVID"
"393",2021-06-01,"Saint John","NB",130.2,"COVID"
"394",2021-07-01,"Saint John","NB",135.8,"COVID"
"395",2021-08-01,"Saint John","NB",136.3,"COVID"
"396",2021-09-01,"Saint John","NB",137.7,"COVID"
"397",2021-10-01,"Saint John","NB",143.1,"COVID"
"398",2021-11-01,"Saint John","NB",146,"COVID"
"399",2021-12-01,"Saint John","NB",139.6,"COVID"
"400",2022-01-01,"Saint John","NB",142.2,"COVID"
"401",2022-02-01,"Saint John","NB",153.2,"COVID"
"402",2022-03-01,"Saint John","NB",169.6,"COVID"
"403",2022-04-01,"Saint John","NB",174.4,"COVID"
"404",2022-05-01,"Saint John","NB",194.2,"COVID"
"405",2022-06-01,"Saint John","NB",210.6,"COVID"
"406",2022-07-01,"Saint John","NB",192.1,"COVID"
"407",2022-08-01,"Saint John","NB",177.1,"Post-COVID"
"408",2022-09-01,"Saint John","NB",158.5,"Post-COVID"
"409",2022-10-01,"Saint John","NB",168.9,"Post-COVID"
"410",2022-11-01,"Saint John","NB",174.1,"Post-COVID"
"411",2022-12-01,"Saint John","NB",149.5,"Post-COVID"
"412",2023-01-01,"Saint John","NB",157.4,"Post-COVID"
"413",2023-02-01,"Saint John","NB",158.7,"Post-COVID"
"414",2023-03-01,"Saint John","NB",156.7,"Post-COVID"
"415",2023-04-01,"Saint John","NB",169.3,"Post-COVID"
"416",2023-05-01,"Saint John","NB",159.1,"Post-COVID"
"417",2023-06-01,"Saint John","NB",161.4,"Post-COVID"
"418",2023-07-01,"Saint John","NB",170.6,"Post-COVID"
"419",2023-08-01,"Saint John","NB",182.7,"Post-COVID"
"420",2023-09-01,"Saint John","NB",184.5,"Post-COVID"
"421",2023-10-01,"Saint John","NB",167.3,"Post-COVID"
"422",2023-11-01,"Saint John","NB",160.3,"Post-COVID"
"423",2023-12-01,"Saint John","NB",154.8,"Post-COVID"
"424",2024-01-01,"Saint John","NB",152.7,"Post-COVID"
"425",2024-02-01,"Saint John","NB",158.5,"Post-COVID"
"426",2024-03-01,"Saint John","NB",163.2,"Post-COVID"
"427",2024-04-01,"Saint John","NB",176.9,"Post-COVID"
"428",2024-05-01,"Saint John","NB",172.4,"Post-COVID"
"429",2024-06-01,"Saint John","NB",166.6,"Post-COVID"
"430",2024-07-01,"Saint John","NB",170.7,"Post-COVID"
"431",2024-08-01,"Saint John","NB",165.1,"Post-COVID"
"432",2024-09-01,"Saint John","NB",152.5,"Post-COVID"
"433",2024-10-01,"Saint John","NB",154.9,"Post-COVID"
"434",2024-11-01,"Saint John","NB",156.7,"Post-COVID"
"435",2024-12-01,"Saint John","NB",155,"Post-COVID"
"436",2017-10-01,"Québec","QC",111.3,"Pre-COVID"
"437",2017-11-01,"Québec","QC",119.9,"Pre-COVID"
"438",2017-12-01,"Québec","QC",114,"Pre-COVID"
"439",2018-01-01,"Québec","QC",118.8,"Pre-COVID"
"440",2018-02-01,"Québec","QC",119.3,"Pre-COVID"
"441",2018-03-01,"Québec","QC",123.4,"Pre-COVID"
"442",2018-04-01,"Québec","QC",131.7,"Pre-COVID"
"443",2018-05-01,"Québec","QC",136.6,"Pre-COVID"
"444",2018-06-01,"Québec","QC",131.7,"Pre-COVID"
"445",2018-07-01,"Québec","QC",130.6,"Pre-COVID"
"446",2018-08-01,"Québec","QC",131.1,"Pre-COVID"
"447",2018-09-01,"Québec","QC",132,"Pre-COVID"
"448",2018-10-01,"Québec","QC",127.5,"Pre-COVID"
"449",2018-11-01,"Québec","QC",115.1,"Pre-COVID"
"450",2018-12-01,"Québec","QC",108.7,"Pre-COVID"
"451",2019-01-01,"Québec","QC",106.9,"Pre-COVID"
"452",2019-02-01,"Québec","QC",107.2,"Pre-COVID"
"453",2019-03-01,"Québec","QC",121.9,"Pre-COVID"
"454",2019-04-01,"Québec","QC",130.6,"Pre-COVID"
"455",2019-05-01,"Québec","QC",132.6,"Pre-COVID"
"456",2019-06-01,"Québec","QC",122.2,"Pre-COVID"
"457",2019-07-01,"Québec","QC",127.3,"Pre-COVID"
"458",2019-08-01,"Québec","QC",118.6,"Pre-COVID"
"459",2019-09-01,"Québec","QC",117.2,"Pre-COVID"
"460",2019-10-01,"Québec","QC",115.2,"Pre-COVID"
"461",2019-11-01,"Québec","QC",116.7,"Pre-COVID"
"462",2019-12-01,"Québec","QC",116.4,"Pre-COVID"
"463",2020-01-01,"Québec","QC",115.1,"Pre-COVID"
"464",2020-02-01,"Québec","QC",113.4,"Pre-COVID"
"465",2020-03-01,"Québec","QC",99.1,"COVID"
"466",2020-04-01,"Québec","QC",81.1,"COVID"
"467",2020-05-01,"Québec","QC",93.5,"COVID"
"468",2020-06-01,"Québec","QC",103.8,"COVID"
"469",2020-07-01,"Québec","QC",109.5,"COVID"
"470",2020-08-01,"Québec","QC",108.3,"COVID"
"471",2020-09-01,"Québec","QC",107.7,"COVID"
"472",2020-10-01,"Québec","QC",101.1,"COVID"
"473",2020-11-01,"Québec","QC",103,"COVID"
"474",2020-12-01,"Québec","QC",107.2,"COVID"
"475",2021-01-01,"Québec","QC",114.8,"COVID"
"476",2021-02-01,"Québec","QC",121.1,"COVID"
"477",2021-03-01,"Québec","QC",128.4,"COVID"
"478",2021-04-01,"Québec","QC",128.7,"COVID"
"479",2021-05-01,"Québec","QC",133.8,"COVID"
"480",2021-06-01,"Québec","QC",134.7,"COVID"
"481",2021-07-01,"Québec","QC",137.7,"COVID"
"482",2021-08-01,"Québec","QC",139.9,"COVID"
"483",2021-09-01,"Québec","QC",144.6,"COVID"
"484",2021-10-01,"Québec","QC",150.6,"COVID"
"485",2021-11-01,"Québec","QC",154.6,"COVID"
"486",2021-12-01,"Québec","QC",149.8,"COVID"
"487",2022-01-01,"Québec","QC",152.7,"COVID"
"488",2022-02-01,"Québec","QC",164.5,"COVID"
"489",2022-03-01,"Québec","QC",181.5,"COVID"
"490",2022-04-01,"Québec","QC",180.8,"COVID"
"491",2022-05-01,"Québec","QC",206.6,"COVID"
"492",2022-06-01,"Québec","QC",219.7,"COVID"
"493",2022-07-01,"Québec","QC",201,"COVID"
"494",2022-08-01,"Québec","QC",186.8,"Post-COVID"
"495",2022-09-01,"Québec","QC",165.8,"Post-COVID"
"496",2022-10-01,"Québec","QC",176.3,"Post-COVID"
"497",2022-11-01,"Québec","QC",179.3,"Post-COVID"
"498",2022-12-01,"Québec","QC",157.4,"Post-COVID"
"499",2023-01-01,"Québec","QC",165.1,"Post-COVID"
"500",2023-02-01,"Québec","QC",161.9,"Post-COVID"
"501",2023-03-01,"Québec","QC",162.8,"Post-COVID"
"502",2023-04-01,"Québec","QC",171.7,"Post-COVID"
"503",2023-05-01,"Québec","QC",173.8,"Post-COVID"
"504",2023-06-01,"Québec","QC",177.9,"Post-COVID"
"505",2023-07-01,"Québec","QC",174.6,"Post-COVID"
"506",2023-08-01,"Québec","QC",185,"Post-COVID"
"507",2023-09-01,"Québec","QC",182.6,"Post-COVID"
"508",2023-10-01,"Québec","QC",173.1,"Post-COVID"
"509",2023-11-01,"Québec","QC",166.3,"Post-COVID"
"510",2023-12-01,"Québec","QC",163,"Post-COVID"
"511",2024-01-01,"Québec","QC",160.2,"Post-COVID"
"512",2024-02-01,"Québec","QC",162.8,"Post-COVID"
"513",2024-03-01,"Québec","QC",164.3,"Post-COVID"
"514",2024-04-01,"Québec","QC",177.6,"Post-COVID"
"515",2024-05-01,"Québec","QC",179.7,"Post-COVID"
"516",2024-06-01,"Québec","QC",166.9,"Post-COVID"
"517",2024-07-01,"Québec","QC",174.2,"Post-COVID"
"518",2024-08-01,"Québec","QC",166.6,"Post-COVID"
"519",2024-09-01,"Québec","QC",155.7,"Post-COVID"
"520",2024-10-01,"Québec","QC",154.5,"Post-COVID"
"521",2024-11-01,"Québec","QC",154.5,"Post-COVID"
"522",2024-12-01,"Québec","QC",154.8,"Post-COVID"
"523",2017-10-01,"Montréal","QC",119.4,"Pre-COVID"
"524",2017-11-01,"Montréal","QC",126.8,"Pre-COVID"
"525",2017-12-01,"Montréal","QC",122.8,"Pre-COVID"
"526",2018-01-01,"Montréal","QC",127.6,"Pre-COVID"
"527",2018-02-01,"Montréal","QC",127.5,"Pre-COVID"
"528",2018-03-01,"Montréal","QC",130,"Pre-COVID"
"529",2018-04-01,"Montréal","QC",137.9,"Pre-COVID"
"530",2018-05-01,"Montréal","QC",142.7,"Pre-COVID"
"531",2018-06-01,"Montréal","QC",139.7,"Pre-COVID"
"532",2018-07-01,"Montréal","QC",137.6,"Pre-COVID"
"533",2018-08-01,"Montréal","QC",138.3,"Pre-COVID"
"534",2018-09-01,"Montréal","QC",140,"Pre-COVID"
"535",2018-10-01,"Montréal","QC",131.7,"Pre-COVID"
"536",2018-11-01,"Montréal","QC",117,"Pre-COVID"
"537",2018-12-01,"Montréal","QC",112.5,"Pre-COVID"
"538",2019-01-01,"Montréal","QC",112.1,"Pre-COVID"
"539",2019-02-01,"Montréal","QC",113.6,"Pre-COVID"
"540",2019-03-01,"Montréal","QC",126.3,"Pre-COVID"
"541",2019-04-01,"Montréal","QC",136,"Pre-COVID"
"542",2019-05-01,"Montréal","QC",137.9,"Pre-COVID"
"543",2019-06-01,"Montréal","QC",128.5,"Pre-COVID"
"544",2019-07-01,"Montréal","QC",133.3,"Pre-COVID"
"545",2019-08-01,"Montréal","QC",125.1,"Pre-COVID"
"546",2019-09-01,"Montréal","QC",123.9,"Pre-COVID"
"547",2019-10-01,"Montréal","QC",123.6,"Pre-COVID"
"548",2019-11-01,"Montréal","QC",123.5,"Pre-COVID"
"549",2019-12-01,"Montréal","QC",123.5,"Pre-COVID"
"550",2020-01-01,"Montréal","QC",122.1,"Pre-COVID"
"551",2020-02-01,"Montréal","QC",120.1,"Pre-COVID"
"552",2020-03-01,"Montréal","QC",99.3,"COVID"
"553",2020-04-01,"Montréal","QC",85.5,"COVID"
"554",2020-05-01,"Montréal","QC",97,"COVID"
"555",2020-06-01,"Montréal","QC",105.6,"COVID"
"556",2020-07-01,"Montréal","QC",110.6,"COVID"
"557",2020-08-01,"Montréal","QC",109.3,"COVID"
"558",2020-09-01,"Montréal","QC",106.6,"COVID"
"559",2020-10-01,"Montréal","QC",105.4,"COVID"
"560",2020-11-01,"Montréal","QC",104.8,"COVID"
"561",2020-12-01,"Montréal","QC",108.7,"COVID"
"562",2021-01-01,"Montréal","QC",115.4,"COVID"
"563",2021-02-01,"Montréal","QC",122.5,"COVID"
"564",2021-03-01,"Montréal","QC",129.1,"COVID"
"565",2021-04-01,"Montréal","QC",128.5,"COVID"
"566",2021-05-01,"Montréal","QC",133.8,"COVID"
"567",2021-06-01,"Montréal","QC",136.4,"COVID"
"568",2021-07-01,"Montréal","QC",139.7,"COVID"
"569",2021-08-01,"Montréal","QC",141.2,"COVID"
"570",2021-09-01,"Montréal","QC",143.3,"COVID"
"571",2021-10-01,"Montréal","QC",151.6,"COVID"
"572",2021-11-01,"Montréal","QC",152.1,"COVID"
"573",2021-12-01,"Montréal","QC",148.3,"COVID"
"574",2022-01-01,"Montréal","QC",155.5,"COVID"
"575",2022-02-01,"Montréal","QC",166.6,"COVID"
"576",2022-03-01,"Montréal","QC",183.7,"COVID"
"577",2022-04-01,"Montréal","QC",181.2,"COVID"
"578",2022-05-01,"Montréal","QC",205.4,"COVID"
"579",2022-06-01,"Montréal","QC",216.5,"COVID"
"580",2022-07-01,"Montréal","QC",196.8,"COVID"
"581",2022-08-01,"Montréal","QC",183.5,"Post-COVID"
"582",2022-09-01,"Montréal","QC",160.8,"Post-COVID"
"583",2022-10-01,"Montréal","QC",173.4,"Post-COVID"
"584",2022-11-01,"Montréal","QC",173.3,"Post-COVID"
"585",2022-12-01,"Montréal","QC",151.6,"Post-COVID"
"586",2023-01-01,"Montréal","QC",160.4,"Post-COVID"
"587",2023-02-01,"Montréal","QC",157.9,"Post-COVID"
"588",2023-03-01,"Montréal","QC",160.1,"Post-COVID"
"589",2023-04-01,"Montréal","QC",167.4,"Post-COVID"
"590",2023-05-01,"Montréal","QC",166.4,"Post-COVID"
"591",2023-06-01,"Montréal","QC",169.1,"Post-COVID"
"592",2023-07-01,"Montréal","QC",172.2,"Post-COVID"
"593",2023-08-01,"Montréal","QC",179.8,"Post-COVID"
"594",2023-09-01,"Montréal","QC",178.4,"Post-COVID"
"595",2023-10-01,"Montréal","QC",166.2,"Post-COVID"
"596",2023-11-01,"Montréal","QC",162,"Post-COVID"
"597",2023-12-01,"Montréal","QC",158.2,"Post-COVID"
"598",2024-01-01,"Montréal","QC",158.5,"Post-COVID"
"599",2024-02-01,"Montréal","QC",163.3,"Post-COVID"
"600",2024-03-01,"Montréal","QC",168.6,"Post-COVID"
"601",2024-04-01,"Montréal","QC",178.7,"Post-COVID"
"602",2024-05-01,"Montréal","QC",176.8,"Post-COVID"
"603",2024-06-01,"Montréal","QC",171.8,"Post-COVID"
"604",2024-07-01,"Montréal","QC",175,"Post-COVID"
"605",2024-08-01,"Montréal","QC",168.6,"Post-COVID"
"606",2024-09-01,"Montréal","QC",154.8,"Post-COVID"
"607",2024-10-01,"Montréal","QC",156.6,"Post-COVID"
"608",2024-11-01,"Montréal","QC",158.2,"Post-COVID"
"609",2024-12-01,"Montréal","QC",158.7,"Post-COVID"
"610",2017-10-01,"Ottawa-Gatineau","ON",114.9,"Pre-COVID"
"611",2017-11-01,"Ottawa-Gatineau","ON",121.9,"Pre-COVID"
"612",2017-12-01,"Ottawa-Gatineau","ON",120.6,"Pre-COVID"
"613",2018-01-01,"Ottawa-Gatineau","ON",124.4,"Pre-COVID"
"614",2018-02-01,"Ottawa-Gatineau","ON",119.6,"Pre-COVID"
"615",2018-03-01,"Ottawa-Gatineau","ON",125.8,"Pre-COVID"
"616",2018-04-01,"Ottawa-Gatineau","ON",133.6,"Pre-COVID"
"617",2018-05-01,"Ottawa-Gatineau","ON",136.9,"Pre-COVID"
"618",2018-06-01,"Ottawa-Gatineau","ON",128.2,"Pre-COVID"
"619",2018-07-01,"Ottawa-Gatineau","ON",129.5,"Pre-COVID"
"620",2018-08-01,"Ottawa-Gatineau","ON",127.4,"Pre-COVID"
"621",2018-09-01,"Ottawa-Gatineau","ON",123.1,"Pre-COVID"
"622",2018-10-01,"Ottawa-Gatineau","ON",118.1,"Pre-COVID"
"623",2018-11-01,"Ottawa-Gatineau","ON",106.4,"Pre-COVID"
"624",2018-12-01,"Ottawa-Gatineau","ON",99.7,"Pre-COVID"
"625",2019-01-01,"Ottawa-Gatineau","ON",96.5,"Pre-COVID"
"626",2019-02-01,"Ottawa-Gatineau","ON",96.1,"Pre-COVID"
"627",2019-03-01,"Ottawa-Gatineau","ON",110.9,"Pre-COVID"
"628",2019-04-01,"Ottawa-Gatineau","ON",125.8,"Pre-COVID"
"629",2019-05-01,"Ottawa-Gatineau","ON",127.8,"Pre-COVID"
"630",2019-06-01,"Ottawa-Gatineau","ON",119.1,"Pre-COVID"
"631",2019-07-01,"Ottawa-Gatineau","ON",125.4,"Pre-COVID"
"632",2019-08-01,"Ottawa-Gatineau","ON",117.8,"Pre-COVID"
"633",2019-09-01,"Ottawa-Gatineau","ON",116.2,"Pre-COVID"
"634",2019-10-01,"Ottawa-Gatineau","ON",115.2,"Pre-COVID"
"635",2019-11-01,"Ottawa-Gatineau","ON",113.6,"Pre-COVID"
"636",2019-12-01,"Ottawa-Gatineau","ON",113.1,"Pre-COVID"
"637",2020-01-01,"Ottawa-Gatineau","ON",111.6,"Pre-COVID"
"638",2020-02-01,"Ottawa-Gatineau","ON",108.4,"Pre-COVID"
"639",2020-03-01,"Ottawa-Gatineau","ON",84.3,"COVID"
"640",2020-04-01,"Ottawa-Gatineau","ON",78.3,"COVID"
"641",2020-05-01,"Ottawa-Gatineau","ON",90.7,"COVID"
"642",2020-06-01,"Ottawa-Gatineau","ON",99.4,"COVID"
"643",2020-07-01,"Ottawa-Gatineau","ON",103.7,"COVID"
"644",2020-08-01,"Ottawa-Gatineau","ON",103.3,"COVID"
"645",2020-09-01,"Ottawa-Gatineau","ON",101.1,"COVID"
"646",2020-10-01,"Ottawa-Gatineau","ON",100.1,"COVID"
"647",2020-11-01,"Ottawa-Gatineau","ON",98.7,"COVID"
"648",2020-12-01,"Ottawa-Gatineau","ON",103.2,"COVID"
"649",2021-01-01,"Ottawa-Gatineau","ON",110.9,"COVID"
"650",2021-02-01,"Ottawa-Gatineau","ON",117.7,"COVID"
"651",2021-03-01,"Ottawa-Gatineau","ON",123.1,"COVID"
"652",2021-04-01,"Ottawa-Gatineau","ON",125.4,"COVID"
"653",2021-05-01,"Ottawa-Gatineau","ON",129.9,"COVID"
"654",2021-06-01,"Ottawa-Gatineau","ON",131.3,"COVID"
"655",2021-07-01,"Ottawa-Gatineau","ON",134.7,"COVID"
"656",2021-08-01,"Ottawa-Gatineau","ON",135.7,"COVID"
"657",2021-09-01,"Ottawa-Gatineau","ON",136.3,"COVID"
"658",2021-10-01,"Ottawa-Gatineau","ON",143.5,"COVID"
"659",2021-11-01,"Ottawa-Gatineau","ON",142.6,"COVID"
"660",2021-12-01,"Ottawa-Gatineau","ON",136,"COVID"
"661",2022-01-01,"Ottawa-Gatineau","ON",144.3,"COVID"
"662",2022-02-01,"Ottawa-Gatineau","ON",156,"COVID"
"663",2022-03-01,"Ottawa-Gatineau","ON",172,"COVID"
"664",2022-04-01,"Ottawa-Gatineau","ON",174.3,"COVID"
"665",2022-05-01,"Ottawa-Gatineau","ON",198,"COVID"
"666",2022-06-01,"Ottawa-Gatineau","ON",205.7,"COVID"
"667",2022-07-01,"Ottawa-Gatineau","ON",180.4,"COVID"
"668",2022-08-01,"Ottawa-Gatineau","ON",165.5,"Post-COVID"
"669",2022-09-01,"Ottawa-Gatineau","ON",148.7,"Post-COVID"
"670",2022-10-01,"Ottawa-Gatineau","ON",164.3,"Post-COVID"
"671",2022-11-01,"Ottawa-Gatineau","ON",161.5,"Post-COVID"
"672",2022-12-01,"Ottawa-Gatineau","ON",140.6,"Post-COVID"
"673",2023-01-01,"Ottawa-Gatineau","ON",148.6,"Post-COVID"
"674",2023-02-01,"Ottawa-Gatineau","ON",146,"Post-COVID"
"675",2023-03-01,"Ottawa-Gatineau","ON",147.7,"Post-COVID"
"676",2023-04-01,"Ottawa-Gatineau","ON",157.8,"Post-COVID"
"677",2023-05-01,"Ottawa-Gatineau","ON",156,"Post-COVID"
"678",2023-06-01,"Ottawa-Gatineau","ON",158.7,"Post-COVID"
"679",2023-07-01,"Ottawa-Gatineau","ON",162,"Post-COVID"
"680",2023-08-01,"Ottawa-Gatineau","ON",168.9,"Post-COVID"
"681",2023-09-01,"Ottawa-Gatineau","ON",164.9,"Post-COVID"
"682",2023-10-01,"Ottawa-Gatineau","ON",152.5,"Post-COVID"
"683",2023-11-01,"Ottawa-Gatineau","ON",148.7,"Post-COVID"
"684",2023-12-01,"Ottawa-Gatineau","ON",143.6,"Post-COVID"
"685",2024-01-01,"Ottawa-Gatineau","ON",143.9,"Post-COVID"
"686",2024-02-01,"Ottawa-Gatineau","ON",148.3,"Post-COVID"
"687",2024-03-01,"Ottawa-Gatineau","ON",153.5,"Post-COVID"
"688",2024-04-01,"Ottawa-Gatineau","ON",167.2,"Post-COVID"
"689",2024-05-01,"Ottawa-Gatineau","ON",165.4,"Post-COVID"
"690",2024-06-01,"Ottawa-Gatineau","ON",162,"Post-COVID"
"691",2024-07-01,"Ottawa-Gatineau","ON",166.6,"Post-COVID"
"692",2024-08-01,"Ottawa-Gatineau","ON",160.5,"Post-COVID"
"693",2024-09-01,"Ottawa-Gatineau","ON",148.6,"Post-COVID"
"694",2024-10-01,"Ottawa-Gatineau","ON",151.5,"Post-COVID"
"695",2024-11-01,"Ottawa-Gatineau","ON",152.3,"Post-COVID"
"696",2024-12-01,"Ottawa-Gatineau","ON",152.2,"Post-COVID"
"697",2017-10-01,"Toronto","ON",114.9,"Pre-COVID"
"698",2017-11-01,"Toronto","ON",122.2,"Pre-COVID"
"699",2017-12-01,"Toronto","ON",121,"Pre-COVID"
"700",2018-01-01,"Toronto","ON",124.5,"Pre-COVID"
"701",2018-02-01,"Toronto","ON",123.6,"Pre-COVID"
"702",2018-03-01,"Toronto","ON",126.1,"Pre-COVID"
"703",2018-04-01,"Toronto","ON",133.7,"Pre-COVID"
"704",2018-05-01,"Toronto","ON",137.3,"Pre-COVID"
"705",2018-06-01,"Toronto","ON",134.6,"Pre-COVID"
"706",2018-07-01,"Toronto","ON",135.6,"Pre-COVID"
"707",2018-08-01,"Toronto","ON",133.6,"Pre-COVID"
"708",2018-09-01,"Toronto","ON",129.3,"Pre-COVID"
"709",2018-10-01,"Toronto","ON",124,"Pre-COVID"
"710",2018-11-01,"Toronto","ON",111.7,"Pre-COVID"
"711",2018-12-01,"Toronto","ON",105.5,"Pre-COVID"
"712",2019-01-01,"Toronto","ON",102.4,"Pre-COVID"
"713",2019-02-01,"Toronto","ON",102.1,"Pre-COVID"
"714",2019-03-01,"Toronto","ON",115.8,"Pre-COVID"
"715",2019-04-01,"Toronto","ON",126.7,"Pre-COVID"
"716",2019-05-01,"Toronto","ON",127.7,"Pre-COVID"
"717",2019-06-01,"Toronto","ON",118.9,"Pre-COVID"
"718",2019-07-01,"Toronto","ON",125.3,"Pre-COVID"
"719",2019-08-01,"Toronto","ON",118.5,"Pre-COVID"
"720",2019-09-01,"Toronto","ON",116.7,"Pre-COVID"
"721",2019-10-01,"Toronto","ON",116.9,"Pre-COVID"
"722",2019-11-01,"Toronto","ON",116.4,"Pre-COVID"
"723",2019-12-01,"Toronto","ON",116,"Pre-COVID"
"724",2020-01-01,"Toronto","ON",114.6,"Pre-COVID"
"725",2020-02-01,"Toronto","ON",111,"Pre-COVID"
"726",2020-03-01,"Toronto","ON",86.1,"COVID"
"727",2020-04-01,"Toronto","ON",79.1,"COVID"
"728",2020-05-01,"Toronto","ON",91.2,"COVID"
"729",2020-06-01,"Toronto","ON",99.9,"COVID"
"730",2020-07-01,"Toronto","ON",104.3,"COVID"
"731",2020-08-01,"Toronto","ON",103.9,"COVID"
"732",2020-09-01,"Toronto","ON",101.8,"COVID"
"733",2020-10-01,"Toronto","ON",100.7,"COVID"
"734",2020-11-01,"Toronto","ON",99.3,"COVID"
"735",2020-12-01,"Toronto","ON",103.6,"COVID"
"736",2021-01-01,"Toronto","ON",110.9,"COVID"
"737",2021-02-01,"Toronto","ON",118.1,"COVID"
"738",2021-03-01,"Toronto","ON",123.8,"COVID"
"739",2021-04-01,"Toronto","ON",125.9,"COVID"
"740",2021-05-01,"Toronto","ON",130.2,"COVID"
"741",2021-06-01,"Toronto","ON",132.6,"COVID"
"742",2021-07-01,"Toronto","ON",136.4,"COVID"
"743",2021-08-01,"Toronto","ON",137.2,"COVID"
"744",2021-09-01,"Toronto","ON",137.9,"COVID"
"745",2021-10-01,"Toronto","ON",145.3,"COVID"
"746",2021-11-01,"Toronto","ON",144.3,"COVID"
"747",2021-12-01,"Toronto","ON",137.7,"COVID"
"748",2022-01-01,"Toronto","ON",146.1,"COVID"
"749",2022-02-01,"Toronto","ON",157.5,"COVID"
"750",2022-03-01,"Toronto","ON",173,"COVID"
"751",2022-04-01,"Toronto","ON",174.3,"COVID"
"752",2022-05-01,"Toronto","ON",198,"COVID"
"753",2022-06-01,"Toronto","ON",205.9,"COVID"
"754",2022-07-01,"Toronto","ON",180.5,"COVID"
"755",2022-08-01,"Toronto","ON",165.6,"Post-COVID"
"756",2022-09-01,"Toronto","ON",148.7,"Post-COVID"
"757",2022-10-01,"Toronto","ON",164.3,"Post-COVID"
"758",2022-11-01,"Toronto","ON",161.6,"Post-COVID"
"759",2022-12-01,"Toronto","ON",140.7,"Post-COVID"
"760",2023-01-01,"Toronto","ON",148.6,"Post-COVID"
"761",2023-02-01,"Toronto","ON",144.6,"Post-COVID"
"762",2023-03-01,"Toronto","ON",145.8,"Post-COVID"
"763",2023-04-01,"Toronto","ON",156.6,"Post-COVID"
"764",2023-05-01,"Toronto","ON",156.1,"Post-COVID"
"765",2023-06-01,"Toronto","ON",159.1,"Post-COVID"
"766",2023-07-01,"Toronto","ON",162.5,"Post-COVID"
"767",2023-08-01,"Toronto","ON",169.4,"Post-COVID"
"768",2023-09-01,"Toronto","ON",165.6,"Post-COVID"
"769",2023-10-01,"Toronto","ON",152.9,"Post-COVID"
"770",2023-11-01,"Toronto","ON",148.8,"Post-COVID"
"771",2023-12-01,"Toronto","ON",143.7,"Post-COVID"
"772",2024-01-01,"Toronto","ON",144.2,"Post-COVID"
"773",2024-02-01,"Toronto","ON",148.5,"Post-COVID"
"774",2024-03-01,"Toronto","ON",153.8,"Post-COVID"
"775",2024-04-01,"Toronto","ON",167.7,"Post-COVID"
"776",2024-05-01,"Toronto","ON",165.5,"Post-COVID"
"777",2024-06-01,"Toronto","ON",162.2,"Post-COVID"
"778",2024-07-01,"Toronto","ON",166.9,"Post-COVID"
"779",2024-08-01,"Toronto","ON",160.6,"Post-COVID"
"780",2024-09-01,"Toronto","ON",148.6,"Post-COVID"
"781",2024-10-01,"Toronto","ON",151.5,"Post-COVID"
"782",2024-11-01,"Toronto","ON",152.4,"Post-COVID"
"783",2024-12-01,"Toronto","ON",151.8,"Post-COVID"
"784",2017-10-01,"Thunder Bay","ON",119.8,"Pre-COVID"
"785",2017-11-01,"Thunder Bay","ON",132.4,"Pre-COVID"
"786",2017-12-01,"Thunder Bay","ON",127,"Pre-COVID"
"787",2018-01-01,"Thunder Bay","ON",123.9,"Pre-COVID"
"788",2018-02-01,"Thunder Bay","ON",122.7,"Pre-COVID"
"789",2018-03-01,"Thunder Bay","ON",123.6,"Pre-COVID"
"790",2018-04-01,"Thunder Bay","ON",135.4,"Pre-COVID"
"791",2018-05-01,"Thunder Bay","ON",141.7,"Pre-COVID"
"792",2018-06-01,"Thunder Bay","ON",140.6,"Pre-COVID"
"793",2018-07-01,"Thunder Bay","ON",144.5,"Pre-COVID"
"794",2018-08-01,"Thunder Bay","ON",145.3,"Pre-COVID"
"795",2018-09-01,"Thunder Bay","ON",144.9,"Pre-COVID"
"796",2018-10-01,"Thunder Bay","ON",142.3,"Pre-COVID"
"797",2018-11-01,"Thunder Bay","ON",134.7,"Pre-COVID"
"798",2018-12-01,"Thunder Bay","ON",124.5,"Pre-COVID"
"799",2019-01-01,"Thunder Bay","ON",118.2,"Pre-COVID"
"800",2019-02-01,"Thunder Bay","ON",116.7,"Pre-COVID"
"801",2019-03-01,"Thunder Bay","ON",123.9,"Pre-COVID"
"802",2019-04-01,"Thunder Bay","ON",140.2,"Pre-COVID"
"803",2019-05-01,"Thunder Bay","ON",145.3,"Pre-COVID"
"804",2019-06-01,"Thunder Bay","ON",139.9,"Pre-COVID"
"805",2019-07-01,"Thunder Bay","ON",135.9,"Pre-COVID"
"806",2019-08-01,"Thunder Bay","ON",133.7,"Pre-COVID"
"807",2019-09-01,"Thunder Bay","ON",131.4,"Pre-COVID"
"808",2019-10-01,"Thunder Bay","ON",130.7,"Pre-COVID"
"809",2019-11-01,"Thunder Bay","ON",128.6,"Pre-COVID"
"810",2019-12-01,"Thunder Bay","ON",127.9,"Pre-COVID"
"811",2020-01-01,"Thunder Bay","ON",127.6,"Pre-COVID"
"812",2020-02-01,"Thunder Bay","ON",126,"Pre-COVID"
"813",2020-03-01,"Thunder Bay","ON",110.9,"COVID"
"814",2020-04-01,"Thunder Bay","ON",84.9,"COVID"
"815",2020-05-01,"Thunder Bay","ON",100.1,"COVID"
"816",2020-06-01,"Thunder Bay","ON",111.8,"COVID"
"817",2020-07-01,"Thunder Bay","ON",117.7,"COVID"
"818",2020-08-01,"Thunder Bay","ON",116.2,"COVID"
"819",2020-09-01,"Thunder Bay","ON",116.4,"COVID"
"820",2020-10-01,"Thunder Bay","ON",116,"COVID"
"821",2020-11-01,"Thunder Bay","ON",113.3,"COVID"
"822",2020-12-01,"Thunder Bay","ON",114.6,"COVID"
"823",2021-01-01,"Thunder Bay","ON",121.4,"COVID"
"824",2021-02-01,"Thunder Bay","ON",125.3,"COVID"
"825",2021-03-01,"Thunder Bay","ON",132.9,"COVID"
"826",2021-04-01,"Thunder Bay","ON",138.5,"COVID"
"827",2021-05-01,"Thunder Bay","ON",138.5,"COVID"
"828",2021-06-01,"Thunder Bay","ON",140,"COVID"
"829",2021-07-01,"Thunder Bay","ON",146.2,"COVID"
"830",2021-08-01,"Thunder Bay","ON",146.7,"COVID"
"831",2021-09-01,"Thunder Bay","ON",146.8,"COVID"
"832",2021-10-01,"Thunder Bay","ON",153.7,"COVID"
"833",2021-11-01,"Thunder Bay","ON",153.8,"COVID"
"834",2021-12-01,"Thunder Bay","ON",143.8,"COVID"
"835",2022-01-01,"Thunder Bay","ON",149.9,"COVID"
"836",2022-02-01,"Thunder Bay","ON",157.5,"COVID"
"837",2022-03-01,"Thunder Bay","ON",186.9,"COVID"
"838",2022-04-01,"Thunder Bay","ON",187.9,"COVID"
"839",2022-05-01,"Thunder Bay","ON",196,"COVID"
"840",2022-06-01,"Thunder Bay","ON",214.4,"COVID"
"841",2022-07-01,"Thunder Bay","ON",185.7,"COVID"
"842",2022-08-01,"Thunder Bay","ON",164.3,"Post-COVID"
"843",2022-09-01,"Thunder Bay","ON",164.9,"Post-COVID"
"844",2022-10-01,"Thunder Bay","ON",185.4,"Post-COVID"
"845",2022-11-01,"Thunder Bay","ON",159.1,"Post-COVID"
"846",2022-12-01,"Thunder Bay","ON",140.1,"Post-COVID"
"847",2023-01-01,"Thunder Bay","ON",150.5,"Post-COVID"
"848",2023-02-01,"Thunder Bay","ON",151.7,"Post-COVID"
"849",2023-03-01,"Thunder Bay","ON",160.7,"Post-COVID"
"850",2023-04-01,"Thunder Bay","ON",165.7,"Post-COVID"
"851",2023-05-01,"Thunder Bay","ON",162.6,"Post-COVID"
"852",2023-06-01,"Thunder Bay","ON",167,"Post-COVID"
"853",2023-07-01,"Thunder Bay","ON",161.8,"Post-COVID"
"854",2023-08-01,"Thunder Bay","ON",170,"Post-COVID"
"855",2023-09-01,"Thunder Bay","ON",168.2,"Post-COVID"
"856",2023-10-01,"Thunder Bay","ON",154.2,"Post-COVID"
"857",2023-11-01,"Thunder Bay","ON",153,"Post-COVID"
"858",2023-12-01,"Thunder Bay","ON",137.3,"Post-COVID"
"859",2024-01-01,"Thunder Bay","ON",136.8,"Post-COVID"
"860",2024-02-01,"Thunder Bay","ON",149.9,"Post-COVID"
"861",2024-03-01,"Thunder Bay","ON",162.2,"Post-COVID"
"862",2024-04-01,"Thunder Bay","ON",169.1,"Post-COVID"
"863",2024-05-01,"Thunder Bay","ON",167.5,"Post-COVID"
"864",2024-06-01,"Thunder Bay","ON",159.6,"Post-COVID"
"865",2024-07-01,"Thunder Bay","ON",167,"Post-COVID"
"866",2024-08-01,"Thunder Bay","ON",173.1,"Post-COVID"
"867",2024-09-01,"Thunder Bay","ON",157.2,"Post-COVID"
"868",2024-10-01,"Thunder Bay","ON",154.7,"Post-COVID"
"869",2024-11-01,"Thunder Bay","ON",152.9,"Post-COVID"
"870",2024-12-01,"Thunder Bay","ON",152.1,"Post-COVID"
"871",2017-10-01,"Winnipeg","MB",99.7,"Pre-COVID"
"872",2017-11-01,"Winnipeg","MB",108.9,"Pre-COVID"
"873",2017-12-01,"Winnipeg","MB",103.1,"Pre-COVID"
"874",2018-01-01,"Winnipeg","MB",107,"Pre-COVID"
"875",2018-02-01,"Winnipeg","MB",104.2,"Pre-COVID"
"876",2018-03-01,"Winnipeg","MB",106.9,"Pre-COVID"
"877",2018-04-01,"Winnipeg","MB",121.1,"Pre-COVID"
"878",2018-05-01,"Winnipeg","MB",125.1,"Pre-COVID"
"879",2018-06-01,"Winnipeg","MB",125.3,"Pre-COVID"
"880",2018-07-01,"Winnipeg","MB",123.4,"Pre-COVID"
"881",2018-08-01,"Winnipeg","MB",118,"Pre-COVID"
"882",2018-09-01,"Winnipeg","MB",116.6,"Pre-COVID"
"883",2018-10-01,"Winnipeg","MB",111.3,"Pre-COVID"
"884",2018-11-01,"Winnipeg","MB",102.4,"Pre-COVID"
"885",2018-12-01,"Winnipeg","MB",95.5,"Pre-COVID"
"886",2019-01-01,"Winnipeg","MB",89.9,"Pre-COVID"
"887",2019-02-01,"Winnipeg","MB",97.5,"Pre-COVID"
"888",2019-03-01,"Winnipeg","MB",108.4,"Pre-COVID"
"889",2019-04-01,"Winnipeg","MB",125.1,"Pre-COVID"
"890",2019-05-01,"Winnipeg","MB",122.6,"Pre-COVID"
"891",2019-06-01,"Winnipeg","MB",113.1,"Pre-COVID"
"892",2019-07-01,"Winnipeg","MB",114.7,"Pre-COVID"
"893",2019-08-01,"Winnipeg","MB",107.7,"Pre-COVID"
"894",2019-09-01,"Winnipeg","MB",108.2,"Pre-COVID"
"895",2019-10-01,"Winnipeg","MB",110.9,"Pre-COVID"
"896",2019-11-01,"Winnipeg","MB",107,"Pre-COVID"
"897",2019-12-01,"Winnipeg","MB",103.3,"Pre-COVID"
"898",2020-01-01,"Winnipeg","MB",101.6,"Pre-COVID"
"899",2020-02-01,"Winnipeg","MB",102.5,"Pre-COVID"
"900",2020-03-01,"Winnipeg","MB",84.5,"COVID"
"901",2020-04-01,"Winnipeg","MB",67.7,"COVID"
"902",2020-05-01,"Winnipeg","MB",85.2,"COVID"
"903",2020-06-01,"Winnipeg","MB",95.5,"COVID"
"904",2020-07-01,"Winnipeg","MB",99.9,"COVID"
"905",2020-08-01,"Winnipeg","MB",97.8,"COVID"
"906",2020-09-01,"Winnipeg","MB",96.7,"COVID"
"907",2020-10-01,"Winnipeg","MB",101.1,"COVID"
"908",2020-11-01,"Winnipeg","MB",95.9,"COVID"
"909",2020-12-01,"Winnipeg","MB",95.7,"COVID"
"910",2021-01-01,"Winnipeg","MB",102.9,"COVID"
"911",2021-02-01,"Winnipeg","MB",109.2,"COVID"
"912",2021-03-01,"Winnipeg","MB",115.9,"COVID"
"913",2021-04-01,"Winnipeg","MB",122.7,"COVID"
"914",2021-05-01,"Winnipeg","MB",127.8,"COVID"
"915",2021-06-01,"Winnipeg","MB",127.1,"COVID"
"916",2021-07-01,"Winnipeg","MB",131.5,"COVID"
"917",2021-08-01,"Winnipeg","MB",131.8,"COVID"
"918",2021-09-01,"Winnipeg","MB",131.8,"COVID"
"919",2021-10-01,"Winnipeg","MB",141.2,"COVID"
"920",2021-11-01,"Winnipeg","MB",138.7,"COVID"
"921",2021-12-01,"Winnipeg","MB",130.7,"COVID"
"922",2022-01-01,"Winnipeg","MB",138.5,"COVID"
"923",2022-02-01,"Winnipeg","MB",147.1,"COVID"
"924",2022-03-01,"Winnipeg","MB",169.8,"COVID"
"925",2022-04-01,"Winnipeg","MB",170.9,"COVID"
"926",2022-05-01,"Winnipeg","MB",183.1,"COVID"
"927",2022-06-01,"Winnipeg","MB",205.3,"COVID"
"928",2022-07-01,"Winnipeg","MB",190.1,"COVID"
"929",2022-08-01,"Winnipeg","MB",169.9,"Post-COVID"
"930",2022-09-01,"Winnipeg","MB",169.2,"Post-COVID"
"931",2022-10-01,"Winnipeg","MB",184.3,"Post-COVID"
"932",2022-11-01,"Winnipeg","MB",171.7,"Post-COVID"
"933",2022-12-01,"Winnipeg","MB",150.8,"Post-COVID"
"934",2023-01-01,"Winnipeg","MB",147.2,"Post-COVID"
"935",2023-02-01,"Winnipeg","MB",153.2,"Post-COVID"
"936",2023-03-01,"Winnipeg","MB",151.5,"Post-COVID"
"937",2023-04-01,"Winnipeg","MB",162.4,"Post-COVID"
"938",2023-05-01,"Winnipeg","MB",163,"Post-COVID"
"939",2023-06-01,"Winnipeg","MB",157.6,"Post-COVID"
"940",2023-07-01,"Winnipeg","MB",157.5,"Post-COVID"
"941",2023-08-01,"Winnipeg","MB",163.3,"Post-COVID"
"942",2023-09-01,"Winnipeg","MB",163.4,"Post-COVID"
"943",2023-10-01,"Winnipeg","MB",155.9,"Post-COVID"
"944",2023-11-01,"Winnipeg","MB",151.6,"Post-COVID"
"945",2023-12-01,"Winnipeg","MB",136.7,"Post-COVID"
"946",2024-01-01,"Winnipeg","MB",117.4,"Post-COVID"
"947",2024-02-01,"Winnipeg","MB",125.6,"Post-COVID"
"948",2024-03-01,"Winnipeg","MB",135.5,"Post-COVID"
"949",2024-04-01,"Winnipeg","MB",141.5,"Post-COVID"
"950",2024-05-01,"Winnipeg","MB",141.4,"Post-COVID"
"951",2024-06-01,"Winnipeg","MB",137.1,"Post-COVID"
"952",2024-07-01,"Winnipeg","MB",144.6,"Post-COVID"
"953",2024-08-01,"Winnipeg","MB",147,"Post-COVID"
"954",2024-09-01,"Winnipeg","MB",132.3,"Post-COVID"
"955",2024-10-01,"Winnipeg","MB",130.9,"Post-COVID"
"956",2024-11-01,"Winnipeg","MB",128,"Post-COVID"
"957",2024-12-01,"Winnipeg","MB",128.1,"Post-COVID"
"958",2017-10-01,"Regina","SK",99.2,"Pre-COVID"
"959",2017-11-01,"Regina","SK",110.4,"Pre-COVID"
"960",2017-12-01,"Regina","SK",104.2,"Pre-COVID"
"961",2018-01-01,"Regina","SK",105.9,"Pre-COVID"
"962",2018-02-01,"Regina","SK",103.5,"Pre-COVID"
"963",2018-03-01,"Regina","SK",108.1,"Pre-COVID"
"964",2018-04-01,"Regina","SK",116.9,"Pre-COVID"
"965",2018-05-01,"Regina","SK",123.7,"Pre-COVID"
"966",2018-06-01,"Regina","SK",122.3,"Pre-COVID"
"967",2018-07-01,"Regina","SK",123.4,"Pre-COVID"
"968",2018-08-01,"Regina","SK",121.4,"Pre-COVID"
"969",2018-09-01,"Regina","SK",120.6,"Pre-COVID"
"970",2018-10-01,"Regina","SK",120.1,"Pre-COVID"
"971",2018-11-01,"Regina","SK",109.4,"Pre-COVID"
"972",2018-12-01,"Regina","SK",97.2,"Pre-COVID"
"973",2019-01-01,"Regina","SK",91.8,"Pre-COVID"
"974",2019-02-01,"Regina","SK",101.8,"Pre-COVID"
"975",2019-03-01,"Regina","SK",111.2,"Pre-COVID"
"976",2019-04-01,"Regina","SK",127.3,"Pre-COVID"
"977",2019-05-01,"Regina","SK",123.7,"Pre-COVID"
"978",2019-06-01,"Regina","SK",110.7,"Pre-COVID"
"979",2019-07-01,"Regina","SK",115.1,"Pre-COVID"
"980",2019-08-01,"Regina","SK",109,"Pre-COVID"
"981",2019-09-01,"Regina","SK",108.2,"Pre-COVID"
"982",2019-10-01,"Regina","SK",110.8,"Pre-COVID"
"983",2019-11-01,"Regina","SK",108.7,"Pre-COVID"
"984",2019-12-01,"Regina","SK",108.5,"Pre-COVID"
"985",2020-01-01,"Regina","SK",109.8,"Pre-COVID"
"986",2020-02-01,"Regina","SK",105.1,"Pre-COVID"
"987",2020-03-01,"Regina","SK",88.4,"COVID"
"988",2020-04-01,"Regina","SK",71.7,"COVID"
"989",2020-05-01,"Regina","SK",87.9,"COVID"
"990",2020-06-01,"Regina","SK",96.7,"COVID"
"991",2020-07-01,"Regina","SK",102.4,"COVID"
"992",2020-08-01,"Regina","SK",101.1,"COVID"
"993",2020-09-01,"Regina","SK",102.8,"COVID"
"994",2020-10-01,"Regina","SK",97.8,"COVID"
"995",2020-11-01,"Regina","SK",98.4,"COVID"
"996",2020-12-01,"Regina","SK",99.8,"COVID"
"997",2021-01-01,"Regina","SK",104.1,"COVID"
"998",2021-02-01,"Regina","SK",110.6,"COVID"
"999",2021-03-01,"Regina","SK",120.4,"COVID"
"1000",2021-04-01,"Regina","SK",127.9,"COVID"
"1001",2021-05-01,"Regina","SK",127,"COVID"
"1002",2021-06-01,"Regina","SK",127,"COVID"
"1003",2021-07-01,"Regina","SK",131.8,"COVID"
"1004",2021-08-01,"Regina","SK",131.8,"COVID"
"1005",2021-09-01,"Regina","SK",131.8,"COVID"
"1006",2021-10-01,"Regina","SK",141.6,"COVID"
"1007",2021-11-01,"Regina","SK",143.4,"COVID"
"1008",2021-12-01,"Regina","SK",130.8,"COVID"
"1009",2022-01-01,"Regina","SK",137,"COVID"
"1010",2022-02-01,"Regina","SK",145.9,"COVID"
"1011",2022-03-01,"Regina","SK",168.5,"COVID"
"1012",2022-04-01,"Regina","SK",167.3,"COVID"
"1013",2022-05-01,"Regina","SK",181.4,"COVID"
"1014",2022-06-01,"Regina","SK",203.8,"COVID"
"1015",2022-07-01,"Regina","SK",191.4,"COVID"
"1016",2022-08-01,"Regina","SK",158,"Post-COVID"
"1017",2022-09-01,"Regina","SK",158.1,"Post-COVID"
"1018",2022-10-01,"Regina","SK",177.8,"Post-COVID"
"1019",2022-11-01,"Regina","SK",162.3,"Post-COVID"
"1020",2022-12-01,"Regina","SK",142.1,"Post-COVID"
"1021",2023-01-01,"Regina","SK",147.9,"Post-COVID"
"1022",2023-02-01,"Regina","SK",147.9,"Post-COVID"
"1023",2023-03-01,"Regina","SK",155.1,"Post-COVID"
"1024",2023-04-01,"Regina","SK",160.5,"Post-COVID"
"1025",2023-05-01,"Regina","SK",160,"Post-COVID"
"1026",2023-06-01,"Regina","SK",159.8,"Post-COVID"
"1027",2023-07-01,"Regina","SK",156.2,"Post-COVID"
"1028",2023-08-01,"Regina","SK",163.4,"Post-COVID"
"1029",2023-09-01,"Regina","SK",163.7,"Post-COVID"
"1030",2023-10-01,"Regina","SK",157,"Post-COVID"
"1031",2023-11-01,"Regina","SK",149.4,"Post-COVID"
"1032",2023-12-01,"Regina","SK",137.4,"Post-COVID"
"1033",2024-01-01,"Regina","SK",133,"Post-COVID"
"1034",2024-02-01,"Regina","SK",139.3,"Post-COVID"
"1035",2024-03-01,"Regina","SK",151.4,"Post-COVID"
"1036",2024-04-01,"Regina","SK",157.5,"Post-COVID"
"1037",2024-05-01,"Regina","SK",156.8,"Post-COVID"
"1038",2024-06-01,"Regina","SK",153.8,"Post-COVID"
"1039",2024-07-01,"Regina","SK",158.5,"Post-COVID"
"1040",2024-08-01,"Regina","SK",163,"Post-COVID"
"1041",2024-09-01,"Regina","SK",149.7,"Post-COVID"
"1042",2024-10-01,"Regina","SK",148.5,"Post-COVID"
"1043",2024-11-01,"Regina","SK",146.8,"Post-COVID"
"1044",2024-12-01,"Regina","SK",146.8,"Post-COVID"
"1045",2017-10-01,"Saskatoon","SK",99,"Pre-COVID"
"1046",2017-11-01,"Saskatoon","SK",108.5,"Pre-COVID"
"1047",2017-12-01,"Saskatoon","SK",103.6,"Pre-COVID"
"1048",2018-01-01,"Saskatoon","SK",107.4,"Pre-COVID"
"1049",2018-02-01,"Saskatoon","SK",103.5,"Pre-COVID"
"1050",2018-03-01,"Saskatoon","SK",109.4,"Pre-COVID"
"1051",2018-04-01,"Saskatoon","SK",117.6,"Pre-COVID"
"1052",2018-05-01,"Saskatoon","SK",123.1,"Pre-COVID"
"1053",2018-06-01,"Saskatoon","SK",122.4,"Pre-COVID"
"1054",2018-07-01,"Saskatoon","SK",125.8,"Pre-COVID"
"1055",2018-08-01,"Saskatoon","SK",122.9,"Pre-COVID"
"1056",2018-09-01,"Saskatoon","SK",121.8,"Pre-COVID"
"1057",2018-10-01,"Saskatoon","SK",122.4,"Pre-COVID"
"1058",2018-11-01,"Saskatoon","SK",114.1,"Pre-COVID"
"1059",2018-12-01,"Saskatoon","SK",101.4,"Pre-COVID"
"1060",2019-01-01,"Saskatoon","SK",95.7,"Pre-COVID"
"1061",2019-02-01,"Saskatoon","SK",101,"Pre-COVID"
"1062",2019-03-01,"Saskatoon","SK",110.9,"Pre-COVID"
"1063",2019-04-01,"Saskatoon","SK",127.8,"Pre-COVID"
"1064",2019-05-01,"Saskatoon","SK",128.3,"Pre-COVID"
"1065",2019-06-01,"Saskatoon","SK",121.5,"Pre-COVID"
"1066",2019-07-01,"Saskatoon","SK",118.2,"Pre-COVID"
"1067",2019-08-01,"Saskatoon","SK",110.6,"Pre-COVID"
"1068",2019-09-01,"Saskatoon","SK",108.2,"Pre-COVID"
"1069",2019-10-01,"Saskatoon","SK",109.9,"Pre-COVID"
"1070",2019-11-01,"Saskatoon","SK",101.6,"Pre-COVID"
"1071",2019-12-01,"Saskatoon","SK",107.2,"Pre-COVID"
"1072",2020-01-01,"Saskatoon","SK",110,"Pre-COVID"
"1073",2020-02-01,"Saskatoon","SK",107.1,"Pre-COVID"
"1074",2020-03-01,"Saskatoon","SK",85.2,"COVID"
"1075",2020-04-01,"Saskatoon","SK",65.6,"COVID"
"1076",2020-05-01,"Saskatoon","SK",85.7,"COVID"
"1077",2020-06-01,"Saskatoon","SK",96.5,"COVID"
"1078",2020-07-01,"Saskatoon","SK",103.3,"COVID"
"1079",2020-08-01,"Saskatoon","SK",102,"COVID"
"1080",2020-09-01,"Saskatoon","SK",103.6,"COVID"
"1081",2020-10-01,"Saskatoon","SK",102,"COVID"
"1082",2020-11-01,"Saskatoon","SK",97.5,"COVID"
"1083",2020-12-01,"Saskatoon","SK",100,"COVID"
"1084",2021-01-01,"Saskatoon","SK",103.8,"COVID"
"1085",2021-02-01,"Saskatoon","SK",110.3,"COVID"
"1086",2021-03-01,"Saskatoon","SK",119.7,"COVID"
"1087",2021-04-01,"Saskatoon","SK",126.5,"COVID"
"1088",2021-05-01,"Saskatoon","SK",125.3,"COVID"
"1089",2021-06-01,"Saskatoon","SK",126.5,"COVID"
"1090",2021-07-01,"Saskatoon","SK",131.3,"COVID"
"1091",2021-08-01,"Saskatoon","SK",131.3,"COVID"
"1092",2021-09-01,"Saskatoon","SK",131.7,"COVID"
"1093",2021-10-01,"Saskatoon","SK",141.3,"COVID"
"1094",2021-11-01,"Saskatoon","SK",143,"COVID"
"1095",2021-12-01,"Saskatoon","SK",129.7,"COVID"
"1096",2022-01-01,"Saskatoon","SK",135.7,"COVID"
"1097",2022-02-01,"Saskatoon","SK",145.7,"COVID"
"1098",2022-03-01,"Saskatoon","SK",168.2,"COVID"
"1099",2022-04-01,"Saskatoon","SK",167.2,"COVID"
"1100",2022-05-01,"Saskatoon","SK",181.5,"COVID"
"1101",2022-06-01,"Saskatoon","SK",202.9,"COVID"
"1102",2022-07-01,"Saskatoon","SK",186.5,"COVID"
"1103",2022-08-01,"Saskatoon","SK",153.8,"Post-COVID"
"1104",2022-09-01,"Saskatoon","SK",155,"Post-COVID"
"1105",2022-10-01,"Saskatoon","SK",177.3,"Post-COVID"
"1106",2022-11-01,"Saskatoon","SK",157.1,"Post-COVID"
"1107",2022-12-01,"Saskatoon","SK",140,"Post-COVID"
"1108",2023-01-01,"Saskatoon","SK",147.6,"Post-COVID"
"1109",2023-02-01,"Saskatoon","SK",146.4,"Post-COVID"
"1110",2023-03-01,"Saskatoon","SK",152.7,"Post-COVID"
"1111",2023-04-01,"Saskatoon","SK",158.8,"Post-COVID"
"1112",2023-05-01,"Saskatoon","SK",156,"Post-COVID"
"1113",2023-06-01,"Saskatoon","SK",156.3,"Post-COVID"
"1114",2023-07-01,"Saskatoon","SK",153.5,"Post-COVID"
"1115",2023-08-01,"Saskatoon","SK",157.6,"Post-COVID"
"1116",2023-09-01,"Saskatoon","SK",155.8,"Post-COVID"
"1117",2023-10-01,"Saskatoon","SK",151.1,"Post-COVID"
"1118",2023-11-01,"Saskatoon","SK",142.6,"Post-COVID"
"1119",2023-12-01,"Saskatoon","SK",132.1,"Post-COVID"
"1120",2024-01-01,"Saskatoon","SK",130,"Post-COVID"
"1121",2024-02-01,"Saskatoon","SK",139.3,"Post-COVID"
"1122",2024-03-01,"Saskatoon","SK",151.1,"Post-COVID"
"1123",2024-04-01,"Saskatoon","SK",156.9,"Post-COVID"
"1124",2024-05-01,"Saskatoon","SK",151.8,"Post-COVID"
"1125",2024-06-01,"Saskatoon","SK",151.2,"Post-COVID"
"1126",2024-07-01,"Saskatoon","SK",160.5,"Post-COVID"
"1127",2024-08-01,"Saskatoon","SK",164.5,"Post-COVID"
"1128",2024-09-01,"Saskatoon","SK",149.6,"Post-COVID"
"1129",2024-10-01,"Saskatoon","SK",145.8,"Post-COVID"
"1130",2024-11-01,"Saskatoon","SK",143.8,"Post-COVID"
"1131",2024-12-01,"Saskatoon","SK",144.2,"Post-COVID"
"1132",2017-10-01,"Edmonton","AB",98.5,"Pre-COVID"
"1133",2017-11-01,"Edmonton","AB",110.7,"Pre-COVID"
"1134",2017-12-01,"Edmonton","AB",102.8,"Pre-COVID"
"1135",2018-01-01,"Edmonton","AB",107.5,"Pre-COVID"
"1136",2018-02-01,"Edmonton","AB",104,"Pre-COVID"
"1137",2018-03-01,"Edmonton","AB",111.3,"Pre-COVID"
"1138",2018-04-01,"Edmonton","AB",122.5,"Pre-COVID"
"1139",2018-05-01,"Edmonton","AB",127.5,"Pre-COVID"
"1140",2018-06-01,"Edmonton","AB",124.4,"Pre-COVID"
"1141",2018-07-01,"Edmonton","AB",131,"Pre-COVID"
"1142",2018-08-01,"Edmonton","AB",126.2,"Pre-COVID"
"1143",2018-09-01,"Edmonton","AB",126.6,"Pre-COVID"
"1144",2018-10-01,"Edmonton","AB",119.8,"Pre-COVID"
"1145",2018-11-01,"Edmonton","AB",105.7,"Pre-COVID"
"1146",2018-12-01,"Edmonton","AB",95,"Pre-COVID"
"1147",2019-01-01,"Edmonton","AB",91.8,"Pre-COVID"
"1148",2019-02-01,"Edmonton","AB",99.2,"Pre-COVID"
"1149",2019-03-01,"Edmonton","AB",110.2,"Pre-COVID"
"1150",2019-04-01,"Edmonton","AB",118.9,"Pre-COVID"
"1151",2019-05-01,"Edmonton","AB",117.8,"Pre-COVID"
"1152",2019-06-01,"Edmonton","AB",100.4,"Pre-COVID"
"1153",2019-07-01,"Edmonton","AB",105.4,"Pre-COVID"
"1154",2019-08-01,"Edmonton","AB",99.9,"Pre-COVID"
"1155",2019-09-01,"Edmonton","AB",99.3,"Pre-COVID"
"1156",2019-10-01,"Edmonton","AB",98.2,"Pre-COVID"
"1157",2019-11-01,"Edmonton","AB",95.1,"Pre-COVID"
"1158",2019-12-01,"Edmonton","AB",96.2,"Pre-COVID"
"1159",2020-01-01,"Edmonton","AB",98.8,"Pre-COVID"
"1160",2020-02-01,"Edmonton","AB",96.4,"Pre-COVID"
"1161",2020-03-01,"Edmonton","AB",77,"COVID"
"1162",2020-04-01,"Edmonton","AB",62.4,"COVID"
"1163",2020-05-01,"Edmonton","AB",83.3,"COVID"
"1164",2020-06-01,"Edmonton","AB",92,"COVID"
"1165",2020-07-01,"Edmonton","AB",95,"COVID"
"1166",2020-08-01,"Edmonton","AB",92.2,"COVID"
"1167",2020-09-01,"Edmonton","AB",98.8,"COVID"
"1168",2020-10-01,"Edmonton","AB",92,"COVID"
"1169",2020-11-01,"Edmonton","AB",90.2,"COVID"
"1170",2020-12-01,"Edmonton","AB",94.7,"COVID"
"1171",2021-01-01,"Edmonton","AB",100.9,"COVID"
"1172",2021-02-01,"Edmonton","AB",109,"COVID"
"1173",2021-03-01,"Edmonton","AB",114.5,"COVID"
"1174",2021-04-01,"Edmonton","AB",119.9,"COVID"
"1175",2021-05-01,"Edmonton","AB",123.4,"COVID"
"1176",2021-06-01,"Edmonton","AB",125.6,"COVID"
"1177",2021-07-01,"Edmonton","AB",133,"COVID"
"1178",2021-08-01,"Edmonton","AB",132.3,"COVID"
"1179",2021-09-01,"Edmonton","AB",129.5,"COVID"
"1180",2021-10-01,"Edmonton","AB",138.3,"COVID"
"1181",2021-11-01,"Edmonton","AB",136,"COVID"
"1182",2021-12-01,"Edmonton","AB",130.6,"COVID"
"1183",2022-01-01,"Edmonton","AB",133.7,"COVID"
"1184",2022-02-01,"Edmonton","AB",142.2,"COVID"
"1185",2022-03-01,"Edmonton","AB",161.7,"COVID"
"1186",2022-04-01,"Edmonton","AB",150.5,"COVID"
"1187",2022-05-01,"Edmonton","AB",163.3,"COVID"
"1188",2022-06-01,"Edmonton","AB",186,"COVID"
"1189",2022-07-01,"Edmonton","AB",179.1,"COVID"
"1190",2022-08-01,"Edmonton","AB",147.3,"Post-COVID"
"1191",2022-09-01,"Edmonton","AB",136.8,"Post-COVID"
"1192",2022-10-01,"Edmonton","AB",163.4,"Post-COVID"
"1193",2022-11-01,"Edmonton","AB",148.1,"Post-COVID"
"1194",2022-12-01,"Edmonton","AB",126.2,"Post-COVID"
"1195",2023-01-01,"Edmonton","AB",127.4,"Post-COVID"
"1196",2023-02-01,"Edmonton","AB",123,"Post-COVID"
"1197",2023-03-01,"Edmonton","AB",129,"Post-COVID"
"1198",2023-04-01,"Edmonton","AB",140.4,"Post-COVID"
"1199",2023-05-01,"Edmonton","AB",138.1,"Post-COVID"
"1200",2023-06-01,"Edmonton","AB",139.4,"Post-COVID"
"1201",2023-07-01,"Edmonton","AB",136.7,"Post-COVID"
"1202",2023-08-01,"Edmonton","AB",142.5,"Post-COVID"
"1203",2023-09-01,"Edmonton","AB",141.8,"Post-COVID"
"1204",2023-10-01,"Edmonton","AB",138.7,"Post-COVID"
"1205",2023-11-01,"Edmonton","AB",132.9,"Post-COVID"
"1206",2023-12-01,"Edmonton","AB",122.2,"Post-COVID"
"1207",2024-01-01,"Edmonton","AB",120.5,"Post-COVID"
"1208",2024-02-01,"Edmonton","AB",129.9,"Post-COVID"
"1209",2024-03-01,"Edmonton","AB",141.8,"Post-COVID"
"1210",2024-04-01,"Edmonton","AB",154.6,"Post-COVID"
"1211",2024-05-01,"Edmonton","AB",151.1,"Post-COVID"
"1212",2024-06-01,"Edmonton","AB",149.5,"Post-COVID"
"1213",2024-07-01,"Edmonton","AB",154.6,"Post-COVID"
"1214",2024-08-01,"Edmonton","AB",152.5,"Post-COVID"
"1215",2024-09-01,"Edmonton","AB",137.7,"Post-COVID"
"1216",2024-10-01,"Edmonton","AB",141.3,"Post-COVID"
"1217",2024-11-01,"Edmonton","AB",138.2,"Post-COVID"
"1218",2024-12-01,"Edmonton","AB",135.8,"Post-COVID"
"1219",2017-10-01,"Calgary","AB",101.8,"Pre-COVID"
"1220",2017-11-01,"Calgary","AB",113.9,"Pre-COVID"
"1221",2017-12-01,"Calgary","AB",106.7,"Pre-COVID"
"1222",2018-01-01,"Calgary","AB",112.1,"Pre-COVID"
"1223",2018-02-01,"Calgary","AB",110.6,"Pre-COVID"
"1224",2018-03-01,"Calgary","AB",115.3,"Pre-COVID"
"1225",2018-04-01,"Calgary","AB",125.2,"Pre-COVID"
"1226",2018-05-01,"Calgary","AB",129.6,"Pre-COVID"
"1227",2018-06-01,"Calgary","AB",127.1,"Pre-COVID"
"1228",2018-07-01,"Calgary","AB",131.4,"Pre-COVID"
"1229",2018-08-01,"Calgary","AB",129.7,"Pre-COVID"
"1230",2018-09-01,"Calgary","AB",129.9,"Pre-COVID"
"1231",2018-10-01,"Calgary","AB",121.4,"Pre-COVID"
"1232",2018-11-01,"Calgary","AB",108.3,"Pre-COVID"
"1233",2018-12-01,"Calgary","AB",97.1,"Pre-COVID"
"1234",2019-01-01,"Calgary","AB",95.2,"Pre-COVID"
"1235",2019-02-01,"Calgary","AB",102,"Pre-COVID"
"1236",2019-03-01,"Calgary","AB",113.6,"Pre-COVID"
"1237",2019-04-01,"Calgary","AB",122.5,"Pre-COVID"
"1238",2019-05-01,"Calgary","AB",120.7,"Pre-COVID"
"1239",2019-06-01,"Calgary","AB",103.6,"Pre-COVID"
"1240",2019-07-01,"Calgary","AB",108.4,"Pre-COVID"
"1241",2019-08-01,"Calgary","AB",102.2,"Pre-COVID"
"1242",2019-09-01,"Calgary","AB",102.1,"Pre-COVID"
"1243",2019-10-01,"Calgary","AB",100.4,"Pre-COVID"
"1244",2019-11-01,"Calgary","AB",97.9,"Pre-COVID"
"1245",2019-12-01,"Calgary","AB",99,"Pre-COVID"
"1246",2020-01-01,"Calgary","AB",101.6,"Pre-COVID"
"1247",2020-02-01,"Calgary","AB",99,"Pre-COVID"
"1248",2020-03-01,"Calgary","AB",79.2,"COVID"
"1249",2020-04-01,"Calgary","AB",66.2,"COVID"
"1250",2020-05-01,"Calgary","AB",87.2,"COVID"
"1251",2020-06-01,"Calgary","AB",95.1,"COVID"
"1252",2020-07-01,"Calgary","AB",97.4,"COVID"
"1253",2020-08-01,"Calgary","AB",97.5,"COVID"
"1254",2020-09-01,"Calgary","AB",104.9,"COVID"
"1255",2020-10-01,"Calgary","AB",104.5,"COVID"
"1256",2020-11-01,"Calgary","AB",103.7,"COVID"
"1257",2020-12-01,"Calgary","AB",101.9,"COVID"
"1258",2021-01-01,"Calgary","AB",102.8,"COVID"
"1259",2021-02-01,"Calgary","AB",111.3,"COVID"
"1260",2021-03-01,"Calgary","AB",117.3,"COVID"
"1261",2021-04-01,"Calgary","AB",123.6,"COVID"
"1262",2021-05-01,"Calgary","AB",127.3,"COVID"
"1263",2021-06-01,"Calgary","AB",130.3,"COVID"
"1264",2021-07-01,"Calgary","AB",135.6,"COVID"
"1265",2021-08-01,"Calgary","AB",135.2,"COVID"
"1266",2021-09-01,"Calgary","AB",133.1,"COVID"
"1267",2021-10-01,"Calgary","AB",140.8,"COVID"
"1268",2021-11-01,"Calgary","AB",141.9,"COVID"
"1269",2021-12-01,"Calgary","AB",139.5,"COVID"
"1270",2022-01-01,"Calgary","AB",138.9,"COVID"
"1271",2022-02-01,"Calgary","AB",145.4,"COVID"
"1272",2022-03-01,"Calgary","AB",164.7,"COVID"
"1273",2022-04-01,"Calgary","AB",155.5,"COVID"
"1274",2022-05-01,"Calgary","AB",167.4,"COVID"
"1275",2022-06-01,"Calgary","AB",189.5,"COVID"
"1276",2022-07-01,"Calgary","AB",183.1,"COVID"
"1277",2022-08-01,"Calgary","AB",153,"Post-COVID"
"1278",2022-09-01,"Calgary","AB",144.2,"Post-COVID"
"1279",2022-10-01,"Calgary","AB",167.1,"Post-COVID"
"1280",2022-11-01,"Calgary","AB",149.3,"Post-COVID"
"1281",2022-12-01,"Calgary","AB",124.2,"Post-COVID"
"1282",2023-01-01,"Calgary","AB",128.6,"Post-COVID"
"1283",2023-02-01,"Calgary","AB",125.5,"Post-COVID"
"1284",2023-03-01,"Calgary","AB",132.2,"Post-COVID"
"1285",2023-04-01,"Calgary","AB",145.1,"Post-COVID"
"1286",2023-05-01,"Calgary","AB",146,"Post-COVID"
"1287",2023-06-01,"Calgary","AB",144.6,"Post-COVID"
"1288",2023-07-01,"Calgary","AB",141.3,"Post-COVID"
"1289",2023-08-01,"Calgary","AB",146.8,"Post-COVID"
"1290",2023-09-01,"Calgary","AB",143.1,"Post-COVID"
"1291",2023-10-01,"Calgary","AB",137.6,"Post-COVID"
"1292",2023-11-01,"Calgary","AB",130.1,"Post-COVID"
"1293",2023-12-01,"Calgary","AB",120,"Post-COVID"
"1294",2024-01-01,"Calgary","AB",125.6,"Post-COVID"
"1295",2024-02-01,"Calgary","AB",134.5,"Post-COVID"
"1296",2024-03-01,"Calgary","AB",147,"Post-COVID"
"1297",2024-04-01,"Calgary","AB",159.6,"Post-COVID"
"1298",2024-05-01,"Calgary","AB",156,"Post-COVID"
"1299",2024-06-01,"Calgary","AB",153.6,"Post-COVID"
"1300",2024-07-01,"Calgary","AB",158.8,"Post-COVID"
"1301",2024-08-01,"Calgary","AB",155.4,"Post-COVID"
"1302",2024-09-01,"Calgary","AB",142.9,"Post-COVID"
"1303",2024-10-01,"Calgary","AB",146.5,"Post-COVID"
"1304",2024-11-01,"Calgary","AB",142.4,"Post-COVID"
"1305",2024-12-01,"Calgary","AB",140.8,"Post-COVID"
"1306",2017-10-01,"Vancouver","BC",136.9,"Pre-COVID"
"1307",2017-11-01,"Vancouver","BC",141.3,"Pre-COVID"
"1308",2017-12-01,"Vancouver","BC",137.2,"Pre-COVID"
"1309",2018-01-01,"Vancouver","BC",141.7,"Pre-COVID"
"1310",2018-02-01,"Vancouver","BC",144.5,"Pre-COVID"
"1311",2018-03-01,"Vancouver","BC",151.4,"Pre-COVID"
"1312",2018-04-01,"Vancouver","BC",155.1,"Pre-COVID"
"1313",2018-05-01,"Vancouver","BC",159.9,"Pre-COVID"
"1314",2018-06-01,"Vancouver","BC",154.3,"Pre-COVID"
"1315",2018-07-01,"Vancouver","BC",155.7,"Pre-COVID"
"1316",2018-08-01,"Vancouver","BC",150.3,"Pre-COVID"
"1317",2018-09-01,"Vancouver","BC",151.9,"Pre-COVID"
"1318",2018-10-01,"Vancouver","BC",155.2,"Pre-COVID"
"1319",2018-11-01,"Vancouver","BC",141.9,"Pre-COVID"
"1320",2018-12-01,"Vancouver","BC",138.5,"Pre-COVID"
"1321",2019-01-01,"Vancouver","BC",132,"Pre-COVID"
"1322",2019-02-01,"Vancouver","BC",134.4,"Pre-COVID"
"1323",2019-03-01,"Vancouver","BC",149.6,"Pre-COVID"
"1324",2019-04-01,"Vancouver","BC",167.3,"Pre-COVID"
"1325",2019-05-01,"Vancouver","BC",169,"Pre-COVID"
"1326",2019-06-01,"Vancouver","BC",148.4,"Pre-COVID"
"1327",2019-07-01,"Vancouver","BC",151.5,"Pre-COVID"
"1328",2019-08-01,"Vancouver","BC",148.2,"Pre-COVID"
"1329",2019-09-01,"Vancouver","BC",153.6,"Pre-COVID"
"1330",2019-10-01,"Vancouver","BC",158.2,"Pre-COVID"
"1331",2019-11-01,"Vancouver","BC",140.5,"Pre-COVID"
"1332",2019-12-01,"Vancouver","BC",136.5,"Pre-COVID"
"1333",2020-01-01,"Vancouver","BC",139.9,"Pre-COVID"
"1334",2020-02-01,"Vancouver","BC",145.9,"Pre-COVID"
"1335",2020-03-01,"Vancouver","BC",121.4,"COVID"
"1336",2020-04-01,"Vancouver","BC",96.7,"COVID"
"1337",2020-05-01,"Vancouver","BC",113,"COVID"
"1338",2020-06-01,"Vancouver","BC",127.2,"COVID"
"1339",2020-07-01,"Vancouver","BC",131.4,"COVID"
"1340",2020-08-01,"Vancouver","BC",130,"COVID"
"1341",2020-09-01,"Vancouver","BC",125.9,"COVID"
"1342",2020-10-01,"Vancouver","BC",122.3,"COVID"
"1343",2020-11-01,"Vancouver","BC",123.6,"COVID"
"1344",2020-12-01,"Vancouver","BC",126.1,"COVID"
"1345",2021-01-01,"Vancouver","BC",134.6,"COVID"
"1346",2021-02-01,"Vancouver","BC",141.2,"COVID"
"1347",2021-03-01,"Vancouver","BC",149.6,"COVID"
"1348",2021-04-01,"Vancouver","BC",152.2,"COVID"
"1349",2021-05-01,"Vancouver","BC",155.6,"COVID"
"1350",2021-06-01,"Vancouver","BC",161.1,"COVID"
"1351",2021-07-01,"Vancouver","BC",169.1,"COVID"
"1352",2021-08-01,"Vancouver","BC",165.6,"COVID"
"1353",2021-09-01,"Vancouver","BC",156.7,"COVID"
"1354",2021-10-01,"Vancouver","BC",162.4,"COVID"
"1355",2021-11-01,"Vancouver","BC",159.8,"COVID"
"1356",2021-12-01,"Vancouver","BC",157.2,"COVID"
"1357",2022-01-01,"Vancouver","BC",170.5,"COVID"
"1358",2022-02-01,"Vancouver","BC",177.1,"COVID"
"1359",2022-03-01,"Vancouver","BC",198.3,"COVID"
"1360",2022-04-01,"Vancouver","BC",198.5,"COVID"
"1361",2022-05-01,"Vancouver","BC",220.1,"COVID"
"1362",2022-06-01,"Vancouver","BC",225.4,"COVID"
"1363",2022-07-01,"Vancouver","BC",202.4,"COVID"
"1364",2022-08-01,"Vancouver","BC",193.2,"Post-COVID"
"1365",2022-09-01,"Vancouver","BC",205.7,"Post-COVID"
"1366",2022-10-01,"Vancouver","BC",206.9,"Post-COVID"
"1367",2022-11-01,"Vancouver","BC",183.5,"Post-COVID"
"1368",2022-12-01,"Vancouver","BC",164.1,"Post-COVID"
"1369",2023-01-01,"Vancouver","BC",179.3,"Post-COVID"
"1370",2023-02-01,"Vancouver","BC",183.3,"Post-COVID"
"1371",2023-03-01,"Vancouver","BC",183,"Post-COVID"
"1372",2023-04-01,"Vancouver","BC",188.9,"Post-COVID"
"1373",2023-05-01,"Vancouver","BC",187.8,"Post-COVID"
"1374",2023-06-01,"Vancouver","BC",202,"Post-COVID"
"1375",2023-07-01,"Vancouver","BC",197,"Post-COVID"
"1376",2023-08-01,"Vancouver","BC",206.9,"Post-COVID"
"1377",2023-09-01,"Vancouver","BC",203.6,"Post-COVID"
"1378",2023-10-01,"Vancouver","BC",182.3,"Post-COVID"
"1379",2023-11-01,"Vancouver","BC",178.7,"Post-COVID"
"1380",2023-12-01,"Vancouver","BC",171.7,"Post-COVID"
"1381",2024-01-01,"Vancouver","BC",168.8,"Post-COVID"
"1382",2024-02-01,"Vancouver","BC",175.8,"Post-COVID"
"1383",2024-03-01,"Vancouver","BC",196.2,"Post-COVID"
"1384",2024-04-01,"Vancouver","BC",210.2,"Post-COVID"
"1385",2024-05-01,"Vancouver","BC",199.9,"Post-COVID"
"1386",2024-06-01,"Vancouver","BC",184.7,"Post-COVID"
"1387",2024-07-01,"Vancouver","BC",181.9,"Post-COVID"
"1388",2024-08-01,"Vancouver","BC",177.5,"Post-COVID"
"1389",2024-09-01,"Vancouver","BC",174,"Post-COVID"
"1390",2024-10-01,"Vancouver","BC",175.1,"Post-COVID"
"1391",2024-11-01,"Vancouver","BC",174.2,"Post-COVID"
"1392",2024-12-01,"Vancouver","BC",171.1,"Post-COVID"
"1393",2017-10-01,"Victoria","BC",127.3,"Pre-COVID"
"1394",2017-11-01,"Victoria","BC",134.1,"Pre-COVID"
"1395",2017-12-01,"Victoria","BC",128,"Pre-COVID"
"1396",2018-01-01,"Victoria","BC",129.6,"Pre-COVID"
"1397",2018-02-01,"Victoria","BC",134.9,"Pre-COVID"
"1398",2018-03-01,"Victoria","BC",143.2,"Pre-COVID"
"1399",2018-04-01,"Victoria","BC",147.2,"Pre-COVID"
"1400",2018-05-01,"Victoria","BC",153.9,"Pre-COVID"
"1401",2018-06-01,"Victoria","BC",150.1,"Pre-COVID"
"1402",2018-07-01,"Victoria","BC",150,"Pre-COVID"
"1403",2018-08-01,"Victoria","BC",144.5,"Pre-COVID"
"1404",2018-09-01,"Victoria","BC",142.7,"Pre-COVID"
"1405",2018-10-01,"Victoria","BC",148.3,"Pre-COVID"
"1406",2018-11-01,"Victoria","BC",137.8,"Pre-COVID"
"1407",2018-12-01,"Victoria","BC",132.5,"Pre-COVID"
"1408",2019-01-01,"Victoria","BC",130.1,"Pre-COVID"
"1409",2019-02-01,"Victoria","BC",126.7,"Pre-COVID"
"1410",2019-03-01,"Victoria","BC",137.6,"Pre-COVID"
"1411",2019-04-01,"Victoria","BC",157.5,"Pre-COVID"
"1412",2019-05-01,"Victoria","BC",161.3,"Pre-COVID"
"1413",2019-06-01,"Victoria","BC",146.5,"Pre-COVID"
"1414",2019-07-01,"Victoria","BC",142.2,"Pre-COVID"
"1415",2019-08-01,"Victoria","BC",136.1,"Pre-COVID"
"1416",2019-09-01,"Victoria","BC",141.9,"Pre-COVID"
"1417",2019-10-01,"Victoria","BC",150.7,"Pre-COVID"
"1418",2019-11-01,"Victoria","BC",138.9,"Pre-COVID"
"1419",2019-12-01,"Victoria","BC",132.4,"Pre-COVID"
"1420",2020-01-01,"Victoria","BC",139.7,"Pre-COVID"
"1421",2020-02-01,"Victoria","BC",143.2,"Pre-COVID"
"1422",2020-03-01,"Victoria","BC",126.3,"COVID"
"1423",2020-04-01,"Victoria","BC",99.4,"COVID"
"1424",2020-05-01,"Victoria","BC",107.9,"COVID"
"1425",2020-06-01,"Victoria","BC",123.2,"COVID"
"1426",2020-07-01,"Victoria","BC",129.8,"COVID"
"1427",2020-08-01,"Victoria","BC",127.9,"COVID"
"1428",2020-09-01,"Victoria","BC",125,"COVID"
"1429",2020-10-01,"Victoria","BC",121.6,"COVID"
"1430",2020-11-01,"Victoria","BC",119.9,"COVID"
"1431",2020-12-01,"Victoria","BC",120.3,"COVID"
"1432",2021-01-01,"Victoria","BC",128,"COVID"
"1433",2021-02-01,"Victoria","BC",137.6,"COVID"
"1434",2021-03-01,"Victoria","BC",148.1,"COVID"
"1435",2021-04-01,"Victoria","BC",148.3,"COVID"
"1436",2021-05-01,"Victoria","BC",154.3,"COVID"
"1437",2021-06-01,"Victoria","BC",155.2,"COVID"
"1438",2021-07-01,"Victoria","BC",167.2,"COVID"
"1439",2021-08-01,"Victoria","BC",163.1,"COVID"
"1440",2021-09-01,"Victoria","BC",156.3,"COVID"
"1441",2021-10-01,"Victoria","BC",160.9,"COVID"
"1442",2021-11-01,"Victoria","BC",158.2,"COVID"
"1443",2021-12-01,"Victoria","BC",152.6,"COVID"
"1444",2022-01-01,"Victoria","BC",164.6,"COVID"
"1445",2022-02-01,"Victoria","BC",170.1,"COVID"
"1446",2022-03-01,"Victoria","BC",196.6,"COVID"
"1447",2022-04-01,"Victoria","BC",194.1,"COVID"
"1448",2022-05-01,"Victoria","BC",217.4,"COVID"
"1449",2022-06-01,"Victoria","BC",225.2,"COVID"
"1450",2022-07-01,"Victoria","BC",203,"COVID"
"1451",2022-08-01,"Victoria","BC",189,"Post-COVID"
"1452",2022-09-01,"Victoria","BC",196.5,"Post-COVID"
"1453",2022-10-01,"Victoria","BC",211.6,"Post-COVID"
"1454",2022-11-01,"Victoria","BC",185.7,"Post-COVID"
"1455",2022-12-01,"Victoria","BC",160.4,"Post-COVID"
"1456",2023-01-01,"Victoria","BC",173.4,"Post-COVID"
"1457",2023-02-01,"Victoria","BC",178.6,"Post-COVID"
"1458",2023-03-01,"Victoria","BC",180.9,"Post-COVID"
"1459",2023-04-01,"Victoria","BC",184.9,"Post-COVID"
"1460",2023-05-01,"Victoria","BC",185,"Post-COVID"
"1461",2023-06-01,"Victoria","BC",197.3,"Post-COVID"
"1462",2023-07-01,"Victoria","BC",195,"Post-COVID"
"1463",2023-08-01,"Victoria","BC",198.7,"Post-COVID"
"1464",2023-09-01,"Victoria","BC",200.9,"Post-COVID"
"1465",2023-10-01,"Victoria","BC",193.8,"Post-COVID"
"1466",2023-11-01,"Victoria","BC",179.6,"Post-COVID"
"1467",2023-12-01,"Victoria","BC",171.4,"Post-COVID"
"1468",2024-01-01,"Victoria","BC",161.1,"Post-COVID"
"1469",2024-02-01,"Victoria","BC",169.6,"Post-COVID"
"1470",2024-03-01,"Victoria","BC",190.4,"Post-COVID"
"1471",2024-04-01,"Victoria","BC",205.6,"Post-COVID"
"1472",2024-05-01,"Victoria","BC",203.5,"Post-COVID"
"1473",2024-06-01,"Victoria","BC",186.5,"Post-COVID"
"1474",2024-07-01,"Victoria","BC",180.3,"Post-COVID"
"1475",2024-08-01,"Victoria","BC",176.3,"Post-COVID"
"1476",2024-09-01,"Victoria","BC",172.5,"Post-COVID"
"1477",2024-10-01,"Victoria","BC",170.5,"Post-COVID"
"1478",2024-11-01,"Victoria","BC",171.7,"Post-COVID"
"1479",2024-12-01,"Victoria","BC",170.4,"Post-COVID"
"1480",2017-10-01,"Whitehorse","YT",113.1,"Pre-COVID"
"1481",2017-11-01,"Whitehorse","YT",127,"Pre-COVID"
"1482",2017-12-01,"Whitehorse","YT",124.5,"Pre-COVID"
"1483",2018-01-01,"Whitehorse","YT",121.4,"Pre-COVID"
"1484",2018-02-01,"Whitehorse","YT",121.4,"Pre-COVID"
"1485",2018-03-01,"Whitehorse","YT",121.4,"Pre-COVID"
"1486",2018-04-01,"Whitehorse","YT",130.9,"Pre-COVID"
"1487",2018-05-01,"Whitehorse","YT",142.4,"Pre-COVID"
"1488",2018-06-01,"Whitehorse","YT",144.9,"Pre-COVID"
"1489",2018-07-01,"Whitehorse","YT",144.9,"Pre-COVID"
"1490",2018-08-01,"Whitehorse","YT",144.9,"Pre-COVID"
"1491",2018-09-01,"Whitehorse","YT",144.1,"Pre-COVID"
"1492",2018-10-01,"Whitehorse","YT",144.7,"Pre-COVID"
"1493",2018-11-01,"Whitehorse","YT",140.4,"Pre-COVID"
"1494",2018-12-01,"Whitehorse","YT",124.9,"Pre-COVID"
"1495",2019-01-01,"Whitehorse","YT",124.9,"Pre-COVID"
"1496",2019-02-01,"Whitehorse","YT",124.9,"Pre-COVID"
"1497",2019-03-01,"Whitehorse","YT",129.8,"Pre-COVID"
"1498",2019-04-01,"Whitehorse","YT",137.9,"Pre-COVID"
"1499",2019-05-01,"Whitehorse","YT",137.7,"Pre-COVID"
"1500",2019-06-01,"Whitehorse","YT",137.7,"Pre-COVID"
"1501",2019-07-01,"Whitehorse","YT",142.4,"Pre-COVID"
"1502",2019-08-01,"Whitehorse","YT",142.9,"Pre-COVID"
"1503",2019-09-01,"Whitehorse","YT",142.8,"Pre-COVID"
"1504",2019-10-01,"Whitehorse","YT",142.9,"Pre-COVID"
"1505",2019-11-01,"Whitehorse","YT",142.9,"Pre-COVID"
"1506",2019-12-01,"Whitehorse","YT",142.7,"Pre-COVID"
"1507",2020-01-01,"Whitehorse","YT",142.9,"Pre-COVID"
"1508",2020-02-01,"Whitehorse","YT",142.5,"Pre-COVID"
"1509",2020-03-01,"Whitehorse","YT",125.5,"COVID"
"1510",2020-04-01,"Whitehorse","YT",100.9,"COVID"
"1511",2020-05-01,"Whitehorse","YT",103,"COVID"
"1512",2020-06-01,"Whitehorse","YT",115.3,"COVID"
"1513",2020-07-01,"Whitehorse","YT",119.9,"COVID"
"1514",2020-08-01,"Whitehorse","YT",119.9,"COVID"
"1515",2020-09-01,"Whitehorse","YT",119.8,"COVID"
"1516",2020-10-01,"Whitehorse","YT",119.9,"COVID"
"1517",2020-11-01,"Whitehorse","YT",119.9,"COVID"
"1518",2020-12-01,"Whitehorse","YT",119.9,"COVID"
"1519",2021-01-01,"Whitehorse","YT",124.1,"COVID"
"1520",2021-02-01,"Whitehorse","YT",127.1,"COVID"
"1521",2021-03-01,"Whitehorse","YT",132.8,"COVID"
"1522",2021-04-01,"Whitehorse","YT",139.8,"COVID"
"1523",2021-05-01,"Whitehorse","YT",141.6,"COVID"
"1524",2021-06-01,"Whitehorse","YT",144.9,"COVID"
"1525",2021-07-01,"Whitehorse","YT",148.9,"COVID"
"1526",2021-08-01,"Whitehorse","YT",154.6,"COVID"
"1527",2021-09-01,"Whitehorse","YT",155.8,"COVID"
"1528",2021-10-01,"Whitehorse","YT",155.9,"COVID"
"1529",2021-11-01,"Whitehorse","YT",155.9,"COVID"
"1530",2021-12-01,"Whitehorse","YT",155.9,"COVID"
"1531",2022-01-01,"Whitehorse","YT",157.2,"COVID"
"1532",2022-02-01,"Whitehorse","YT",164.5,"COVID"
"1533",2022-03-01,"Whitehorse","YT",177,"COVID"
"1534",2022-04-01,"Whitehorse","YT",182.8,"COVID"
"1535",2022-05-01,"Whitehorse","YT",202.2,"COVID"
"1536",2022-06-01,"Whitehorse","YT",217.1,"COVID"
"1537",2022-07-01,"Whitehorse","YT",208.5,"COVID"
"1538",2022-08-01,"Whitehorse","YT",186.6,"Post-COVID"
"1539",2022-09-01,"Whitehorse","YT",186.2,"Post-COVID"
"1540",2022-10-01,"Whitehorse","YT",199.9,"Post-COVID"
"1541",2022-11-01,"Whitehorse","YT",186.3,"Post-COVID"
"1542",2022-12-01,"Whitehorse","YT",174.5,"Post-COVID"
"1543",2023-01-01,"Whitehorse","YT",169.6,"Post-COVID"
"1544",2023-02-01,"Whitehorse","YT",167.8,"Post-COVID"
"1545",2023-03-01,"Whitehorse","YT",169.2,"Post-COVID"
"1546",2023-04-01,"Whitehorse","YT",183.1,"Post-COVID"
"1547",2023-05-01,"Whitehorse","YT",183.9,"Post-COVID"
"1548",2023-06-01,"Whitehorse","YT",183.9,"Post-COVID"
"1549",2023-07-01,"Whitehorse","YT",183.9,"Post-COVID"
"1550",2023-08-01,"Whitehorse","YT",191.4,"Post-COVID"
"1551",2023-09-01,"Whitehorse","YT",193.6,"Post-COVID"
"1552",2023-10-01,"Whitehorse","YT",191.7,"Post-COVID"
"1553",2023-11-01,"Whitehorse","YT",189.9,"Post-COVID"
"1554",2023-12-01,"Whitehorse","YT",179.3,"Post-COVID"
"1555",2024-01-01,"Whitehorse","YT",169.9,"Post-COVID"
"1556",2024-02-01,"Whitehorse","YT",169.9,"Post-COVID"
"1557",2024-03-01,"Whitehorse","YT",177.3,"Post-COVID"
"1558",2024-04-01,"Whitehorse","YT",189,"Post-COVID"
"1559",2024-05-01,"Whitehorse","YT",189.9,"Post-COVID"
"1560",2024-06-01,"Whitehorse","YT",189.9,"Post-COVID"
"1561",2024-07-01,"Whitehorse","YT",189.9,"Post-COVID"
"1562",2024-08-01,"Whitehorse","YT",189.9,"Post-COVID"
"1563",2024-09-01,"Whitehorse","YT",185.4,"Post-COVID"
"1564",2024-10-01,"Whitehorse","YT",184.9,"Post-COVID"
"1565",2024-11-01,"Whitehorse","YT",184.9,"Post-COVID"
"1566",2024-12-01,"Whitehorse","YT",181.5,"Post-COVID"
"1567",2017-10-01,"Yellowknife","NT",114.5,"Pre-COVID"
"1568",2017-11-01,"Yellowknife","NT",123.4,"Pre-COVID"
"1569",2017-12-01,"Yellowknife","NT",122.4,"Pre-COVID"
"1570",2018-01-01,"Yellowknife","NT",123.1,"Pre-COVID"
"1571",2018-02-01,"Yellowknife","NT",122.9,"Pre-COVID"
"1572",2018-03-01,"Yellowknife","NT",122.9,"Pre-COVID"
"1573",2018-04-01,"Yellowknife","NT",128.9,"Pre-COVID"
"1574",2018-05-01,"Yellowknife","NT",137.2,"Pre-COVID"
"1575",2018-06-01,"Yellowknife","NT",141.7,"Pre-COVID"
"1576",2018-07-01,"Yellowknife","NT",144.4,"Pre-COVID"
"1577",2018-08-01,"Yellowknife","NT",145.6,"Pre-COVID"
"1578",2018-09-01,"Yellowknife","NT",146.4,"Pre-COVID"
"1579",2018-10-01,"Yellowknife","NT",146,"Pre-COVID"
"1580",2018-11-01,"Yellowknife","NT",140.4,"Pre-COVID"
"1581",2018-12-01,"Yellowknife","NT",128.8,"Pre-COVID"
"1582",2019-01-01,"Yellowknife","NT",119.7,"Pre-COVID"
"1583",2019-02-01,"Yellowknife","NT",120.3,"Pre-COVID"
"1584",2019-03-01,"Yellowknife","NT",125.6,"Pre-COVID"
"1585",2019-04-01,"Yellowknife","NT",134.5,"Pre-COVID"
"1586",2019-05-01,"Yellowknife","NT",142.7,"Pre-COVID"
"1587",2019-06-01,"Yellowknife","NT",138.5,"Pre-COVID"
"1588",2019-07-01,"Yellowknife","NT",134.4,"Pre-COVID"
"1589",2019-08-01,"Yellowknife","NT",131.6,"Pre-COVID"
"1590",2019-09-01,"Yellowknife","NT",133.5,"Pre-COVID"
"1591",2019-10-01,"Yellowknife","NT",133.4,"Pre-COVID"
"1592",2019-11-01,"Yellowknife","NT",132.1,"Pre-COVID"
"1593",2019-12-01,"Yellowknife","NT",131.7,"Pre-COVID"
"1594",2020-01-01,"Yellowknife","NT",129.7,"Pre-COVID"
"1595",2020-02-01,"Yellowknife","NT",127.6,"Pre-COVID"
"1596",2020-03-01,"Yellowknife","NT",112.4,"COVID"
"1597",2020-04-01,"Yellowknife","NT",94.7,"COVID"
"1598",2020-05-01,"Yellowknife","NT",96.7,"COVID"
"1599",2020-06-01,"Yellowknife","NT",109.5,"COVID"
"1600",2020-07-01,"Yellowknife","NT",115,"COVID"
"1601",2020-08-01,"Yellowknife","NT",116.5,"COVID"
"1602",2020-09-01,"Yellowknife","NT",117.2,"COVID"
"1603",2020-10-01,"Yellowknife","NT",120,"COVID"
"1604",2020-11-01,"Yellowknife","NT",118.9,"COVID"
"1605",2020-12-01,"Yellowknife","NT",118.9,"COVID"
"1606",2021-01-01,"Yellowknife","NT",121.4,"COVID"
"1607",2021-02-01,"Yellowknife","NT",124.3,"COVID"
"1608",2021-03-01,"Yellowknife","NT",130.4,"COVID"
"1609",2021-04-01,"Yellowknife","NT",135.7,"COVID"
"1610",2021-05-01,"Yellowknife","NT",140.9,"COVID"
"1611",2021-06-01,"Yellowknife","NT",143.1,"COVID"
"1612",2021-07-01,"Yellowknife","NT",147.6,"COVID"
"1613",2021-08-01,"Yellowknife","NT",149.8,"COVID"
"1614",2021-09-01,"Yellowknife","NT",149.9,"COVID"
"1615",2021-10-01,"Yellowknife","NT",150.6,"COVID"
"1616",2021-11-01,"Yellowknife","NT",152.8,"COVID"
"1617",2021-12-01,"Yellowknife","NT",151.5,"COVID"
"1618",2022-01-01,"Yellowknife","NT",151.5,"COVID"
"1619",2022-02-01,"Yellowknife","NT",158.1,"COVID"
"1620",2022-03-01,"Yellowknife","NT",175.6,"COVID"
"1621",2022-04-01,"Yellowknife","NT",174.4,"COVID"
"1622",2022-05-01,"Yellowknife","NT",187,"COVID"
"1623",2022-06-01,"Yellowknife","NT",208.1,"COVID"
"1624",2022-07-01,"Yellowknife","NT",200,"COVID"
"1625",2022-08-01,"Yellowknife","NT",177.1,"Post-COVID"
"1626",2022-09-01,"Yellowknife","NT",173.9,"Post-COVID"
"1627",2022-10-01,"Yellowknife","NT",180.2,"Post-COVID"
"1628",2022-11-01,"Yellowknife","NT",174.1,"Post-COVID"
"1629",2022-12-01,"Yellowknife","NT",158.7,"Post-COVID"
"1630",2023-01-01,"Yellowknife","NT",158,"Post-COVID"
"1631",2023-02-01,"Yellowknife","NT",160.7,"Post-COVID"
"1632",2023-03-01,"Yellowknife","NT",162.3,"Post-COVID"
"1633",2023-04-01,"Yellowknife","NT",166.9,"Post-COVID"
"1634",2023-05-01,"Yellowknife","NT",166,"Post-COVID"
"1635",2023-06-01,"Yellowknife","NT",166.9,"Post-COVID"
"1636",2023-07-01,"Yellowknife","NT",166.8,"Post-COVID"
"1637",2023-08-01,"Yellowknife","NT",167.2,"Post-COVID"
"1638",2023-09-01,"Yellowknife","NT",167.2,"Post-COVID"
"1639",2023-10-01,"Yellowknife","NT",168,"Post-COVID"
"1640",2023-11-01,"Yellowknife","NT",168.7,"Post-COVID"
"1641",2023-12-01,"Yellowknife","NT",163.4,"Post-COVID"
"1642",2024-01-01,"Yellowknife","NT",157.4,"Post-COVID"
"1643",2024-02-01,"Yellowknife","NT",157,"Post-COVID"
"1644",2024-03-01,"Yellowknife","NT",157.7,"Post-COVID"
"1645",2024-04-01,"Yellowknife","NT",161.6,"Post-COVID"
"1646",2024-05-01,"Yellowknife","NT",162.8,"Post-COVID"
"1647",2024-06-01,"Yellowknife","NT",162.9,"Post-COVID"
"1648",2024-07-01,"Yellowknife","NT",164.6,"Post-COVID"
"1649",2024-08-01,"Yellowknife","NT",162.9,"Post-COVID"
"1650",2024-09-01,"Yellowknife","NT",162.7,"Post-COVID"
"1651",2024-10-01,"Yellowknife","NT",162.2,"Post-COVID"
"1652",2024-11-01,"Yellowknife","NT",162.9,"Post-COVID"
"1653",2024-12-01,"Yellowknife","NT",162.1,"Post-COVID"
